Landroid/content/pm/PackageInstaller;->getAllSessions()Ljava/util/List;,Landroid/telephony/TelephonyManager;->getSubscriberId()Ljava/lang/String;,class
1,0,0
1,0,0
1,0,0
0,0,0
1,1,0
1,0,0
1,0,0
1,0,0
0,0,0
0,0,0
0,0,0
1,0,0
1,0,0
0,0,0
0,0,0
1,0,0
1,0,0
1,0,0
1,0,0
1,0,0
1,0,0
0,0,0
1,0,0
1,0,0
1,0,0
1,0,0
0,1,0
1,0,0
0,0,0
1,1,0
1,0,0
1,0,0
1,0,0
1,0,0
1,0,0
1,0,0
1,0,0
0,0,0
1,0,0
1,0,0
0,0,0
0,1,0
0,1,0
1,0,0
1,0,0
0,0,0
1,0,0
1,1,0
0,0,0
1,0,0
1,0,0
0,0,0
1,1,0
1,0,0
1,0,0
1,0,0
1,0,0
1,0,0
1,0,0
1,0,0
1,0,0
1,0,0
1,0,0
1,0,0
1,0,0
0,0,0
1,0,0
1,0,0
0,0,0
1,0,0
0,0,0
1,0,0
0,0,0
0,0,0
1,0,0
0,0,0
1,0,0
1,0,0
0,0,0
0,0,0
0,0,0
1,0,0
0,0,0
0,0,0
1,0,0
0,0,0
0,0,0
1,0,0
0,0,0
0,0,0
1,0,0
0,0,0
0,0,0
0,0,0
0,0,0
1,0,0
1,0,0
1,1,0
0,0,0
1,1,0
1,0,0
1,1,0
1,0,0
1,0,0
1,0,0
1,0,0
1,0,0
1,1,0
0,0,0
1,0,0
1,0,0
1,0,0
0,0,0
1,0,0
1,1,0
1,1,0
1,0,0
1,0,0
1,0,0
0,0,0
0,0,0
1,0,0
1,0,0
1,0,0
1,0,0
0,0,0
1,0,0
0,0,0
1,0,0
0,0,0
1,0,0
0,0,0
0,0,0
0,0,0
0,0,0
0,1,0
1,0,0
0,0,0
1,0,0
1,0,0
0,1,0
1,1,0
1,0,0
0,0,0
1,0,0
1,0,0
1,0,0
1,0,0
1,0,0
1,0,0
0,1,0
0,0,0
1,0,0
1,0,0
0,1,0
1,0,0
1,0,0
1,0,0
1,0,0
0,0,0
1,0,0
1,0,0
0,0,0
0,0,0
0,0,0
1,0,0
1,0,0
1,0,0
1,0,0
0,0,0
1,0,0
1,0,0
0,0,0
1,0,0
1,0,0
1,0,0
1,0,0
1,0,0
1,0,0
1,0,0
0,0,0
1,0,0
0,0,0
0,0,0
1,0,0
1,0,0
1,0,0
1,0,0
1,0,0
1,0,0
0,0,0
1,0,0
1,0,0
1,0,0
1,0,0
1,0,0
1,0,0
1,0,0
1,0,0
0,0,0
0,0,0
1,0,0
1,0,0
0,1,0
1,1,0
1,0,0
1,0,0
1,0,0
1,0,0
1,0,0
1,0,0
1,0,0
1,0,0
1,0,0
1,0,0
1,0,0
1,0,0
0,0,0
1,0,0
1,0,0
0,0,0
0,0,0
0,0,0
0,0,0
1,0,0
0,0,0
1,1,0
1,0,0
1,0,0
0,0,0
1,1,0
0,0,0
1,1,0
1,1,0
1,0,0
1,0,0
1,0,0
1,0,0
1,0,0
1,0,0
1,0,0
0,1,0
0,0,0
0,1,0
1,0,0
0,0,0
0,1,0
1,0,0
1,0,0
1,0,0
1,0,0
1,0,0
0,0,0
0,0,0
0,0,0
1,0,0
0,0,0
0,0,0
1,0,0
1,0,0
1,0,0
1,0,0
1,0,0
1,0,0
1,0,0
1,0,0
1,0,0
0,0,0
1,0,0
1,0,0
1,1,0
0,0,0
1,0,0
1,0,0
1,0,0
0,1,0
1,0,0
1,0,0
0,0,0
0,0,0
1,0,0
1,0,0
0,0,0
1,0,0
0,1,0
0,0,0
1,0,0
1,0,0
1,0,0
1,0,0
0,0,0
1,0,0
1,0,0
0,0,0
1,0,0
1,0,0
1,0,0
1,0,0
1,0,0
1,0,0
1,0,0
0,0,0
0,0,0
0,0,0
1,0,0
1,0,0
0,0,0
1,0,0
1,0,0
1,1,0
1,0,0
1,1,0
1,0,0
0,1,0
1,0,0
0,0,0
1,0,0
1,0,0
1,0,0
1,0,0
1,1,0
0,0,0
1,1,0
0,0,0
1,0,0
1,0,0
1,0,0
1,0,0
1,0,0
1,0,0
1,0,0
0,0,0
1,0,0
1,0,0
1,0,0
0,1,0
1,0,0
1,0,0
1,0,0
1,0,0
0,0,0
1,0,0
0,0,0
1,0,0
1,0,0
1,1,0
1,0,0
1,0,0
1,0,0
1,0,0
0,0,0
1,0,0
1,0,0
1,0,0
1,0,0
1,0,0
1,0,0
1,0,0
1,0,0
0,0,0
1,0,0
1,0,0
1,0,0
1,0,0
1,0,0
0,1,0
0,0,0
0,1,0
0,1,0
0,1,0
0,1,0
0,1,0
1,0,0
1,0,0
0,0,0
0,0,0
1,1,0
0,0,0
0,0,0
1,1,0
1,1,0
1,0,0
0,1,0
0,0,0
1,0,0
1,0,0
1,1,0
0,0,0
0,0,0
1,0,0
1,0,0
1,0,0
1,0,0
1,0,0
0,0,0
0,0,0
0,0,0
1,0,0
1,0,0
0,0,0
0,0,0
1,0,0
1,0,0
0,0,0
1,0,0
1,0,0
1,0,0
1,0,0
0,0,0
1,0,0
1,0,0
0,0,0
1,1,0
0,0,0
1,0,0
0,0,0
1,0,0
1,0,0
1,0,0
0,0,0
0,1,0
1,1,0
1,1,0
0,0,0
1,0,0
1,0,0
0,0,0
1,0,0
1,0,0
1,1,0
1,1,0
1,0,0
1,0,0
0,0,0
1,0,0
0,0,0
0,0,0
1,0,0
0,0,0
1,0,0
1,0,0
1,0,0
1,0,0
1,0,0
1,0,0
1,1,0
0,0,0
1,0,0
0,0,0
1,0,0
1,0,0
1,0,0
1,0,0
1,0,0
1,0,0
1,1,0
1,0,0
1,0,0
0,0,0
0,0,0
1,0,0
1,0,0
1,0,0
1,0,0
1,0,0
0,0,0
1,0,0
1,0,0
1,0,0
1,0,0
0,0,0
0,0,0
1,0,0
0,0,0
0,0,0
1,0,0
1,0,0
1,0,0
1,0,0
1,0,0
1,0,0
1,0,0
1,0,0
1,0,0
1,0,0
1,0,0
1,0,0
1,0,0
0,0,0
0,0,0
0,0,0
1,0,0
0,0,0
0,0,0
1,1,0
1,0,0
1,0,0
0,0,0
1,0,0
0,0,0
0,0,0
0,0,0
1,0,0
0,0,0
0,0,0
1,0,0
0,0,0
1,1,0
1,0,0
1,0,0
1,0,0
1,0,0
1,0,0
1,0,0
1,0,0
0,0,0
1,0,0
1,1,0
1,0,0
1,0,0
1,0,0
1,0,0
1,0,0
0,0,0
1,0,0
0,0,0
1,0,0
1,0,0
1,1,0
0,0,0
0,0,0
1,0,0
1,0,0
1,1,0
0,1,0
1,0,0
1,1,0
1,0,0
1,0,0
1,0,0
0,0,0
1,0,0
1,0,0
1,0,0
1,0,0
0,0,0
1,0,0
0,0,0
0,0,0
1,0,0
0,0,0
1,0,0
0,1,0
1,0,0
0,0,0
1,0,0
1,0,0
0,0,0
1,1,0
1,1,0
0,0,0
1,1,0
1,1,0
1,0,0
1,0,0
1,0,0
1,0,0
1,0,0
1,0,0
1,0,0
1,0,0
1,0,0
0,0,0
0,0,0
1,0,0
0,0,0
1,0,0
1,0,0
1,0,0
1,0,0
1,0,0
0,0,0
0,0,0
0,0,0
1,0,0
1,0,0
1,0,0
0,0,0
0,1,0
1,0,0
1,0,0
1,0,0
0,0,0
1,0,0
0,0,0
1,0,0
1,0,0
1,1,0
0,0,0
1,0,0
1,0,0
1,0,0
1,0,0
1,0,0
0,0,0
0,0,0
1,0,0
1,0,0
0,0,0
0,0,0
1,1,0
0,0,0
0,0,0
0,0,0
1,1,0
1,1,0
0,0,0
1,0,0
1,0,0
1,0,0
1,0,0
1,0,0
1,1,0
1,0,0
0,0,0
1,0,0
1,0,0
0,0,0
1,0,0
1,0,0
0,0,0
1,0,0
0,0,0
1,0,0
0,0,0
1,0,0
0,0,0
1,0,0
0,0,0
1,0,0
0,0,0
1,0,0
1,1,0
1,0,0
1,0,0
1,0,0
1,0,0
1,0,0
1,0,0
1,0,0
1,1,0
1,0,0
1,0,0
1,0,0
0,0,0
1,0,0
0,0,0
1,0,0
0,0,0
1,0,0
0,0,0
0,0,0
1,0,0
0,0,0
1,0,0
1,0,0
1,1,0
1,0,0
1,0,0
1,0,0
1,1,0
1,0,0
1,0,0
0,0,0
1,0,0
1,0,0
1,0,0
0,1,0
1,0,0
1,0,0
0,0,0
0,0,0
1,0,0
1,0,0
0,0,0
0,0,0
1,0,0
0,0,0
1,0,0
0,0,0
0,0,0
0,0,0
1,0,0
0,0,0
1,0,0
1,0,0
1,1,0
1,0,0
1,0,0
0,0,0
1,0,0
1,0,0
1,0,0
1,0,0
1,1,0
1,0,0
1,0,0
0,0,0
1,0,0
0,0,0
1,0,0
1,0,0
0,0,0
0,0,0
1,0,0
0,0,0
0,0,0
1,0,0
1,0,0
1,0,0
1,0,0
1,1,0
1,0,0
1,0,0
1,0,0
1,0,0
1,0,0
1,0,0
0,0,0
0,0,0
1,0,0
1,0,0
1,0,0
1,1,0
0,0,0
0,0,0
1,0,0
0,0,0
0,0,0
1,0,0
1,0,0
0,0,0
1,0,0
1,0,0
0,1,0
0,1,0
1,0,0
1,0,0
1,0,0
1,0,0
1,0,0
1,0,0
0,1,0
1,0,0
1,0,0
1,0,0
0,0,0
1,0,0
1,0,0
0,0,0
1,0,0
1,0,0
1,1,0
0,0,0
1,0,0
0,0,0
1,0,0
1,0,0
1,1,0
1,0,0
1,1,0
1,0,0
1,0,0
1,0,0
1,0,0
1,0,0
1,0,0
1,0,0
1,0,0
1,0,0
0,0,0
1,0,0
1,0,0
1,0,0
1,0,0
0,0,0
1,0,0
1,0,0
1,0,0
1,0,0
1,0,0
1,0,0
0,0,0
0,0,0
0,0,0
1,1,0
0,0,0
1,0,0
0,0,0
1,0,0
0,1,0
0,0,0
0,0,0
1,0,0
1,0,0
1,0,0
0,0,0
1,1,0
1,0,0
1,0,0
1,0,0
1,0,0
0,0,0
0,0,0
1,0,0
0,0,0
1,0,0
1,0,0
0,1,0
0,0,0
1,0,0
1,0,0
0,1,0
0,0,0
1,0,0
1,0,0
1,0,0
0,0,0
0,0,0
1,0,0
0,0,0
1,0,0
0,0,0
0,0,0
1,0,0
1,0,0
1,0,0
0,0,0
1,0,0
1,1,0
0,0,0
0,0,0
1,0,0
1,0,0
0,0,0
0,1,0
1,1,0
1,0,0
1,0,0
0,0,0
1,0,0
1,0,0
1,0,0
1,0,0
0,0,0
1,0,0
0,0,0
1,0,0
1,0,0
0,0,0
1,0,0
1,0,0
0,0,0
0,0,0
1,1,0
1,0,0
0,0,0
1,0,0
1,0,0
1,0,0
1,0,0
1,0,0
1,1,0
1,0,0
1,0,0
0,0,0
1,0,0
0,0,0
1,0,0
1,0,0
1,0,0
1,0,0
0,1,0
1,0,0
1,0,0
0,0,0
1,0,0
0,0,0
0,0,0
0,0,0
0,0,0
0,0,0
1,0,0
1,1,0
1,0,0
1,0,0
1,0,0
1,0,0
1,0,0
1,0,0
1,0,0
1,0,0
0,0,0
1,0,0
1,0,0
0,0,0
1,0,0
0,0,0
0,0,0
1,0,0
1,0,0
0,0,0
1,0,0
1,0,0
0,0,0
0,0,0
1,0,0
1,0,0
1,0,0
1,1,0
0,0,0
0,1,0
1,0,0
0,0,0
1,0,0
1,0,0
1,0,0
1,0,0
1,0,0
1,0,0
1,0,0
1,0,0
1,0,0
1,0,0
1,0,0
0,0,0
1,1,0
1,0,0
1,0,0
1,0,0
1,0,0
0,0,0
1,1,0
1,1,0
0,0,0
1,0,0
1,0,0
1,0,0
1,0,0
1,0,0
1,0,0
1,0,0
0,0,0
1,0,0
1,0,0
1,0,0
1,1,0
1,0,0
1,1,0
1,0,0
1,1,0
1,0,0
0,0,0
1,0,0
1,0,0
1,0,0
0,0,0
0,0,0
0,0,0
1,0,0
1,0,0
1,0,0
1,0,0
1,0,0
1,1,0
0,0,0
1,1,0
1,0,0
1,0,0
1,0,0
0,0,0
1,0,0
1,0,0
0,0,0
1,0,0
0,0,0
1,1,0
1,0,0
1,0,0
1,1,0
0,0,0
1,0,0
1,0,0
0,1,0
0,0,0
1,1,0
1,0,0
0,0,0
0,0,0
0,0,0
1,1,0
0,0,0
1,0,0
1,0,0
0,0,0
1,0,0
1,1,0
1,0,0
1,0,0
0,0,0
1,0,0
1,0,0
1,0,0
1,0,0
0,0,0
1,0,0
1,0,0
0,0,0
1,1,0
1,0,0
1,0,0
1,0,0
1,0,0
1,0,0
1,0,0
0,0,0
0,0,0
1,0,0
1,0,0
1,0,0
1,0,0
1,0,0
0,0,0
1,0,0
0,0,0
0,0,0
1,0,0
0,0,0
1,0,0
1,0,0
1,1,0
0,0,0
1,0,0
1,0,0
1,0,0
0,0,0
1,0,0
1,0,0
0,0,0
1,0,0
1,1,0
0,1,0
0,0,0
1,0,0
1,0,0
1,0,0
1,0,0
1,0,0
1,0,0
1,0,0
1,0,0
1,0,0
0,0,0
1,0,0
1,0,0
1,0,0
1,0,0
1,0,0
1,0,0
1,0,0
1,0,0
1,0,0
0,0,0
1,0,0
0,0,0
1,0,0
1,0,0
1,0,0
0,0,0
1,0,0
1,0,0
1,0,0
1,0,0
1,0,0
1,0,0
1,0,0
0,0,0
1,0,0
1,0,0
1,0,0
1,1,0
0,1,0
1,0,0
1,0,0
1,0,0
1,0,0
0,0,0
1,0,0
0,0,0
1,0,0
1,0,0
0,0,0
1,0,0
1,0,0
1,0,0
1,0,0
1,0,0
1,0,0
1,0,0
1,0,0
1,1,0
1,1,0
1,0,0
1,0,0
0,1,0
1,0,0
1,0,0
1,0,0
1,0,0
1,0,0
1,0,0
0,0,0
0,1,0
0,0,0
1,0,0
1,0,0
0,0,0
0,0,0
0,1,0
1,0,0
1,0,0
0,0,0
1,0,0
1,1,0
0,1,0
1,0,0
1,0,0
1,0,0
1,0,0
1,0,0
0,0,0
0,1,0
1,0,0
1,0,0
1,0,0
0,0,0
1,0,0
1,1,0
1,0,0
1,0,0
1,0,0
1,0,0
1,0,0
1,0,0
1,0,0
1,0,0
0,0,0
1,0,0
0,0,0
1,0,0
1,0,0
0,0,0
1,1,0
0,0,0
0,0,0
0,0,0
1,1,0
1,0,0
1,0,0
1,0,0
1,0,0
1,0,0
1,0,0
1,0,0
1,0,0
1,0,0
1,0,0
0,0,0
1,0,0
0,0,0
1,0,0
1,0,0
0,0,0
1,0,0
0,0,0
1,1,0
0,0,0
1,0,0
1,0,0
0,0,0
0,1,0
1,0,0
0,1,0
1,0,0
0,0,0
0,0,0
1,0,0
0,0,0
1,0,0
1,0,0
1,0,0
1,1,0
1,0,0
1,0,0
0,0,0
1,0,0
0,0,0
0,1,0
0,0,0
1,0,0
0,0,0
0,0,0
1,0,0
1,0,0
0,0,0
0,0,0
1,0,0
0,0,0
1,1,0
0,0,0
1,0,0
1,0,0
1,0,0
1,0,0
1,1,0
1,0,0
1,0,0
1,0,0
1,0,0
1,1,0
1,0,0
0,0,0
0,0,0
1,0,0
1,0,0
0,0,0
1,0,0
1,0,0
1,0,0
1,0,0
1,1,0
1,0,0
1,0,0
1,0,0
1,0,0
0,0,0
1,1,0
1,0,0
1,1,0
0,0,0
1,0,0
1,0,0
1,0,0
1,0,0
1,0,0
1,0,0
0,0,0
1,0,0
0,0,0
0,0,0
0,0,0
0,0,0
1,0,0
0,0,0
0,0,0
1,0,0
1,0,0
0,0,0
1,0,0
1,0,0
0,0,0
0,0,0
1,1,0
1,1,0
1,0,0
1,0,0
1,0,0
1,0,0
1,0,0
0,0,0
1,0,0
1,0,0
1,0,0
1,0,0
1,0,0
0,0,0
1,0,0
1,0,0
0,1,0
0,0,0
1,1,0
0,0,0
1,0,0
0,1,0
1,0,0
1,0,0
1,0,0
0,0,0
0,0,0
1,0,0
0,0,0
0,0,0
1,0,0
1,0,0
1,0,0
1,0,0
1,0,0
1,0,0
1,0,0
1,1,0
0,0,0
1,0,0
1,0,0
1,0,0
1,0,0
0,0,0
1,0,0
1,0,0
1,0,0
1,0,0
1,0,0
0,0,0
1,1,0
1,1,0
1,0,0
0,0,0
1,0,0
1,0,0
1,0,0
1,0,0
1,1,0
1,1,0
1,0,0
1,0,0
0,0,0
0,0,0
1,0,0
1,1,0
0,0,0
1,0,0
0,0,0
0,0,0
1,0,0
1,0,0
1,0,0
1,1,0
0,0,0
1,0,0
1,0,0
0,0,0
0,1,0
1,0,0
1,0,0
1,0,0
1,0,0
1,0,0
0,0,0
1,0,0
1,0,0
1,0,0
1,0,0
0,0,0
0,1,0
1,1,0
0,0,0
1,0,0
1,0,0
1,0,0
1,0,0
0,1,0
1,1,0
1,0,0
1,0,0
0,0,0
0,0,0
0,0,0
0,0,0
1,0,0
1,0,0
1,0,0
1,0,0
1,1,0
1,0,0
1,0,0
1,0,0
0,0,0
1,0,0
0,0,0
1,0,0
1,0,0
1,0,0
1,0,0
1,0,0
1,0,0
1,0,0
1,0,0
1,0,0
0,0,0
1,0,0
1,0,0
1,0,0
1,0,0
1,0,0
1,0,0
0,0,0
1,0,0
1,0,0
1,0,0
1,0,0
1,0,0
1,0,0
1,0,0
1,0,0
1,0,0
1,0,0
1,0,0
0,0,0
0,0,0
1,0,0
1,0,0
1,0,0
1,0,0
1,0,0
1,0,0
1,0,0
1,0,0
1,0,0
0,0,0
0,0,0
1,0,0
1,0,0
1,0,0
1,0,0
1,0,0
1,1,0
1,0,0
0,0,0
1,0,0
0,0,0
1,0,0
0,0,0
1,0,0
1,0,0
0,0,0
1,0,0
1,0,0
1,1,0
1,0,0
1,0,0
1,1,0
1,0,0
1,0,0
1,1,0
1,0,0
1,0,0
0,0,0
1,1,0
0,0,0
0,1,0
0,0,0
0,0,0
1,0,0
1,0,0
1,0,0
1,0,0
1,0,0
1,0,0
0,0,0
1,0,0
1,0,0
0,0,0
1,0,0
1,0,0
1,0,0
1,0,0
1,0,0
1,0,0
0,0,0
1,0,0
1,0,0
1,0,0
1,0,0
1,0,0
1,0,0
1,0,0
1,0,0
1,0,0
1,1,0
0,0,0
1,0,0
0,0,0
1,1,0
1,0,0
0,0,0
1,0,0
1,0,0
1,0,0
1,0,0
1,0,0
1,0,0
1,0,0
1,0,0
1,1,0
0,0,0
0,0,0
1,0,0
1,0,0
1,0,0
1,0,0
0,0,0
1,0,0
1,0,0
0,0,0
1,0,0
1,0,0
1,0,0
1,0,0
0,0,0
0,1,0
0,0,0
0,0,0
0,0,0
0,0,0
1,0,0
0,0,0
0,0,0
1,0,0
0,0,0
0,0,0
0,0,0
0,0,0
0,0,0
0,0,0
0,0,0
0,0,0
1,0,0
0,0,0
0,0,0
1,0,0
1,0,0
1,0,0
0,0,0
0,0,0
0,0,0
1,0,0
0,0,0
0,0,0
0,0,0
1,0,0
0,0,0
0,0,0
1,0,0
0,0,0
1,0,0
0,0,0
0,0,0
1,0,0
1,1,0
0,0,0
0,0,0
0,0,0
1,0,0
0,1,0
1,0,0
0,0,0
0,0,0
1,0,0
0,0,0
1,0,0
0,0,0
0,0,0
0,0,0
1,0,0
0,0,0
0,0,0
1,0,0
0,0,0
0,0,0
0,0,0
1,0,0
0,0,0
1,0,0
0,0,0
1,1,0
0,0,0
0,0,0
1,1,0
0,0,0
1,0,0
0,0,0
0,0,0
0,0,0
1,0,0
0,1,0
0,0,0
1,0,0
0,0,0
1,0,0
1,0,0
1,0,0
0,0,0
1,0,0
0,0,0
1,0,0
0,0,0
1,0,0
0,0,0
0,0,0
1,0,0
0,0,0
1,0,0
0,0,0
1,0,0
0,0,0
1,0,0
0,0,0
1,1,0
1,0,0
0,0,0
0,1,0
0,0,0
1,0,0
0,0,0
1,0,0
0,0,0
0,0,0
1,0,0
1,0,0
0,0,0
0,0,0
0,0,0
1,0,0
0,0,0
0,0,0
1,0,0
0,0,0
1,0,0
0,0,0
0,0,0
0,0,0
0,0,0
0,0,0
1,1,0
0,0,0
1,0,0
1,0,0
0,0,0
0,0,0
1,0,0
0,0,0
1,0,0
0,0,0
0,0,0
1,0,0
1,0,0
0,0,0
0,0,0
0,0,0
1,0,0
0,0,0
0,0,0
0,0,0
1,0,0
0,0,0
1,0,0
0,0,0
0,0,0
0,0,0
1,0,0
1,0,0
0,0,0
1,0,0
1,0,0
0,0,0
0,0,0
0,0,0
0,0,0
0,0,0
0,0,0
1,0,0
0,0,0
0,0,0
1,0,0
0,1,0
1,0,0
0,0,0
0,0,0
1,0,0
0,0,0
0,0,0
0,1,0
0,0,0
0,0,0
0,0,0
0,0,0
1,1,0
1,0,0
0,1,0
1,0,0
0,0,0
1,0,0
0,0,0
0,0,0
1,0,0
0,0,0
1,1,0
0,0,0
1,1,0
0,0,0
0,0,0
1,0,0
0,0,0
0,0,0
1,0,0
0,0,0
0,0,0
0,0,0
1,0,0
0,0,0
1,0,0
1,1,0
0,0,0
0,0,0
0,0,0
1,0,0
0,0,0
0,0,0
1,0,0
0,0,0
0,0,0
0,0,0
1,0,0
0,0,0
0,0,0
1,0,0
0,0,0
1,0,0
0,0,0
0,0,0
0,0,0
1,0,0
0,0,0
1,0,0
1,0,0
0,0,0
0,0,0
0,0,0
1,0,0
1,1,0
0,0,0
0,0,0
1,0,0
0,1,0
1,0,0
0,0,0
0,0,0
0,0,0
1,0,0
0,0,0
1,0,0
0,0,0
1,0,0
0,0,0
1,1,0
1,0,0
0,0,0
0,0,0
1,0,0
1,0,0
0,0,0
0,0,0
1,0,0
1,0,0
0,0,0
1,0,0
1,0,0
0,1,0
0,0,0
0,0,0
0,0,0
1,0,0
0,1,0
1,1,0
0,0,0
1,0,0
0,0,0
0,0,0
0,0,0
1,1,0
0,0,0
0,0,0
0,0,0
0,1,0
1,0,0
0,0,0
0,0,0
0,0,0
0,0,0
0,0,0
0,0,0
1,0,0
0,0,0
0,0,0
0,0,0
1,0,0
0,0,0
1,0,0
0,1,0
1,0,0
0,0,0
0,1,0
0,0,0
0,0,0
0,0,0
1,0,0
0,0,0
1,1,0
0,0,0
0,0,0
0,0,0
1,0,0
0,0,0
0,0,0
1,0,0
0,0,0
0,0,0
0,0,0
0,0,0
1,0,0
0,0,0
0,0,0
1,0,0
0,0,0
0,0,0
0,0,0
0,0,0
1,0,0
0,0,0
0,0,0
0,0,0
0,0,0
0,0,0
1,1,0
0,0,0
0,0,0
0,0,0
1,1,0
0,0,0
0,1,0
1,0,0
0,0,0
0,0,0
1,0,0
0,1,0
1,0,0
0,0,0
0,0,0
0,0,0
1,0,0
0,0,0
0,0,0
0,1,0
0,0,0
0,0,0
1,0,0
0,0,0
0,0,0
1,0,0
0,0,0
0,0,0
0,0,0
0,0,0
0,0,0
0,0,0
1,0,0
1,0,0
1,0,0
0,1,0
1,0,0
0,0,0
0,0,0
0,0,0
0,0,0
1,1,0
1,0,0
1,0,0
1,0,0
1,0,0
1,0,0
0,0,0
1,0,0
0,1,0
0,0,0
0,0,0
0,0,0
1,0,0
1,0,0
1,1,0
1,0,0
1,0,0
1,0,0
0,0,0
1,0,0
0,0,0
1,0,0
1,0,0
1,0,0
0,0,0
1,0,0
1,0,0
1,0,0
1,0,0
1,1,0
1,0,0
1,0,0
1,0,0
1,0,0
1,0,0
0,0,0
1,0,0
1,0,0
1,0,0
1,0,0
1,0,0
1,1,0
0,0,0
1,0,0
1,1,0
0,0,0
0,0,0
0,0,0
1,0,0
0,0,0
0,0,0
1,0,0
1,0,0
1,0,0
1,0,0
1,0,0
1,0,0
1,0,0
0,0,0
1,0,0
1,1,0
1,0,0
1,0,0
1,0,0
1,0,0
0,1,0
0,1,0
0,0,0
1,0,0
1,0,0
1,0,0
0,0,0
0,0,0
1,1,0
1,0,0
0,0,0
1,0,0
0,0,0
1,0,0
0,0,0
1,0,0
0,0,0
0,0,0
1,0,0
0,0,0
0,0,0
1,1,0
1,0,0
0,0,0
1,1,0
0,1,0
1,0,0
1,0,0
1,0,0
1,0,0
1,0,0
1,0,0
1,0,0
1,0,0
1,0,0
1,0,0
1,0,0
0,0,0
1,1,0
1,0,0
1,0,0
1,0,0
0,0,0
1,0,0
1,0,0
1,1,0
1,0,0
0,0,0
1,0,0
1,0,0
1,0,0
0,0,0
0,0,0
1,0,0
0,1,0
1,0,0
1,0,0
0,0,0
1,0,0
1,0,0
0,0,0
1,0,0
1,0,0
1,0,0
0,0,0
1,0,0
0,0,0
0,0,0
1,0,0
0,0,0
1,0,0
1,0,0
0,0,0
1,0,0
1,0,0
0,0,0
1,0,0
1,0,0
1,0,0
1,1,0
1,0,0
1,1,0
0,0,0
0,0,0
1,0,0
1,0,0
1,0,0
1,1,0
1,0,0
0,0,0
0,0,0
1,0,0
1,0,0
0,0,0
1,0,0
0,0,0
0,0,0
0,0,0
1,0,0
1,0,0
1,0,0
1,1,0
1,0,0
1,0,0
1,0,0
1,0,0
1,0,0
1,0,0
1,0,0
0,1,0
1,0,0
0,0,0
0,0,0
1,0,0
1,0,0
1,0,0
1,1,0
1,0,0
1,0,0
1,0,0
0,1,0
1,0,0
1,0,0
1,0,0
1,0,0
1,1,0
1,0,0
1,0,0
1,0,0
1,0,0
1,0,0
0,0,0
1,0,0
0,0,0
1,1,0
1,0,0
1,0,0
0,0,0
1,0,0
0,0,0
0,0,0
0,0,0
1,1,0
1,0,0
1,0,0
1,0,0
0,0,0
1,1,0
1,0,0
1,0,0
0,0,0
1,0,0
0,0,0
0,0,0
1,0,0
1,0,0
1,0,0
0,0,0
1,0,0
1,0,0
1,0,0
1,0,0
0,0,0
0,0,0
0,0,0
0,0,0
0,0,0
1,0,0
0,0,0
0,0,0
1,0,0
0,0,0
1,0,0
1,0,0
0,0,0
1,0,0
1,0,0
1,0,0
1,0,0
0,0,0
0,0,0
1,0,0
1,0,0
0,0,0
0,0,0
0,0,0
0,0,0
0,0,0
0,0,0
1,0,0
0,1,0
1,0,0
0,0,0
1,0,0
0,0,0
1,1,0
1,0,0
1,1,0
0,0,0
1,0,0
0,0,0
1,0,0
1,0,0
0,0,0
1,0,0
1,1,0
1,0,0
0,0,0
1,0,0
1,0,0
0,0,0
0,0,0
0,0,0
0,0,0
1,0,0
0,0,0
0,0,0
1,0,0
1,0,0
1,0,0
1,0,0
0,0,0
0,0,0
1,0,0
1,0,0
1,0,0
1,0,0
1,0,0
1,0,0
1,0,0
1,0,0
1,0,0
0,0,0
1,0,0
0,0,0
1,1,0
0,0,0
0,0,0
1,0,0
0,0,0
0,0,0
1,1,0
1,0,0
1,0,0
0,0,0
0,0,0
0,0,0
1,0,0
1,1,0
1,0,0
0,0,0
1,0,0
1,1,0
1,0,0
0,0,0
1,0,0
0,0,0
1,0,0
1,1,0
0,0,0
1,1,0
0,0,0
0,0,0
1,0,0
0,0,0
1,1,0
1,1,0
1,0,0
1,0,0
1,0,0
1,1,0
1,0,0
0,0,0
1,0,0
1,0,0
1,0,0
0,0,0
0,1,0
1,0,0
1,0,0
0,0,0
1,0,0
0,0,0
1,0,0
1,0,0
0,0,0
1,0,0
1,0,0
1,0,0
1,1,0
1,0,0
1,0,0
0,0,0
1,0,0
1,0,0
1,0,0
1,0,0
1,0,0
1,0,0
0,0,0
1,1,0
1,0,0
0,0,0
0,0,0
0,0,0
1,0,0
1,0,0
1,0,0
0,0,0
0,0,0
0,0,0
1,0,0
1,0,0
1,0,0
1,0,0
1,1,0
1,0,0
1,0,0
0,0,0
0,0,0
1,0,0
0,0,0
0,0,0
1,0,0
0,0,0
0,0,0
0,0,0
1,0,0
0,0,0
1,0,0
1,0,0
1,0,0
1,0,0
1,0,0
1,0,0
1,0,0
0,0,0
0,0,0
1,0,0
1,0,0
0,0,0
1,0,0
0,0,0
1,0,0
1,0,0
1,0,0
1,0,0
1,0,0
0,0,0
0,0,0
1,0,0
0,0,0
0,0,0
0,0,0
1,0,0
0,0,0
1,0,0
0,0,0
1,1,0
0,0,0
1,0,0
0,0,0
1,0,0
0,0,0
0,0,0
0,0,0
1,0,0
0,0,0
1,0,0
1,0,0
1,0,0
1,0,0
0,0,0
0,0,0
1,0,0
1,0,0
1,0,0
1,0,0
1,0,0
0,0,0
0,0,0
0,0,0
1,0,0
1,0,0
1,0,0
1,1,0
1,0,0
0,1,0
1,0,0
0,0,0
1,0,0
1,0,0
1,0,0
1,0,0
1,0,0
1,0,0
1,0,0
1,0,0
1,0,0
1,0,0
0,0,0
1,0,0
0,0,0
1,0,0
1,0,0
1,1,0
0,0,0
1,0,0
1,0,0
1,0,0
1,0,0
0,0,0
0,0,0
1,0,0
1,0,0
1,0,0
1,0,0
1,0,0
1,0,0
1,0,0
1,0,0
1,0,0
1,0,0
1,0,0
1,0,0
0,0,0
1,0,0
0,0,0
0,0,0
1,0,0
0,0,0
1,0,0
1,0,0
1,0,0
1,0,0
0,0,0
0,0,0
1,0,0
1,0,0
1,0,0
1,0,0
1,1,0
1,0,0
1,0,0
1,1,0
0,0,0
1,0,0
1,0,0
1,1,0
1,1,0
1,0,0
1,0,0
1,0,0
1,0,0
1,0,0
0,0,0
1,0,0
1,0,0
1,1,0
1,0,0
0,0,0
0,0,0
0,0,0
1,0,0
0,0,0
0,0,0
0,0,0
1,0,0
1,0,0
1,0,0
0,0,0
1,0,0
0,0,0
0,0,0
0,0,0
1,0,0
0,0,0
0,0,0
0,0,0
1,0,0
1,0,0
0,0,0
1,0,0
0,0,0
1,0,0
1,0,0
1,0,0
1,1,0
0,1,0
1,0,0
1,0,0
1,0,0
1,0,0
0,0,0
1,0,0
0,0,0
1,0,0
1,0,0
1,0,0
1,0,0
0,0,0
0,1,0
0,0,0
1,1,0
0,0,0
0,0,0
1,0,0
1,0,0
0,0,0
0,0,0
1,0,0
1,0,0
0,0,0
1,0,0
0,0,0
1,0,0
1,0,0
1,0,0
1,0,0
1,0,0
0,0,0
0,1,0
1,0,0
0,0,0
1,0,0
0,0,0
1,1,0
1,0,0
1,1,0
1,0,0
1,0,0
1,1,0
1,0,0
1,0,0
1,0,0
1,0,0
1,0,0
0,0,0
1,0,0
0,0,0
1,0,0
0,0,0
1,0,0
1,0,0
0,0,0
1,0,0
1,0,0
1,0,0
1,0,0
1,0,0
1,0,0
1,0,0
1,0,0
1,0,0
0,0,0
0,0,0
1,0,0
1,0,0
0,0,0
1,0,0
1,0,0
1,0,0
0,0,0
1,0,0
1,0,0
1,0,0
1,0,0
1,0,0
0,0,0
0,1,0
1,0,0
1,1,0
0,0,0
1,0,0
0,0,0
1,0,0
1,0,0
1,0,0
0,0,0
0,1,0
1,0,0
1,0,0
0,0,0
1,0,0
1,0,0
0,0,0
1,0,0
1,0,0
1,0,0
1,0,0
0,0,0
0,0,0
1,0,0
1,0,0
1,0,0
1,1,0
1,1,0
1,0,0
0,1,0
1,0,0
1,0,0
1,0,0
1,0,0
1,0,0
1,0,0
0,0,0
1,0,0
0,0,0
1,0,0
0,1,0
0,0,0
1,0,0
1,0,0
1,0,0
1,0,0
1,0,0
1,0,0
0,0,0
1,0,0
1,0,0
0,0,0
1,0,0
1,0,0
1,0,0
1,0,0
1,0,0
1,0,0
1,1,0
1,1,0
1,1,0
1,0,0
1,0,0
0,0,0
0,1,0
1,0,0
1,0,0
0,0,0
0,0,0
1,0,0
1,0,0
1,1,0
0,1,0
0,0,0
1,0,0
0,0,0
1,0,0
1,0,0
0,0,0
0,0,0
1,0,0
1,0,0
1,0,0
1,0,0
1,0,0
1,0,0
1,0,0
0,1,0
1,0,0
1,1,0
1,0,0
1,0,0
0,0,0
0,0,0
1,0,0
1,0,0
0,0,0
1,0,0
1,0,0
1,0,0
1,0,0
1,0,0
0,0,0
1,0,0
0,0,0
1,0,0
0,0,0
0,0,0
1,0,0
0,0,0
1,0,0
0,0,0
1,0,0
0,0,0
0,0,0
1,0,0
1,0,0
1,0,0
0,0,0
1,0,0
1,0,0
1,0,0
1,0,0
1,0,0
1,0,0
0,0,0
0,0,0
1,0,0
1,0,0
0,0,0
1,0,0
0,0,0
0,1,0
0,1,0
1,0,0
1,0,0
0,0,0
1,0,0
0,0,0
0,0,0
0,0,0
1,0,0
1,0,0
1,0,0
1,1,0
1,0,0
1,0,0
1,0,0
0,0,0
1,0,0
1,0,0
1,0,0
1,0,0
1,0,0
0,0,0
1,0,0
1,0,0
0,0,0
1,0,0
1,0,0
1,0,0
1,0,0
0,0,0
1,0,0
0,0,0
0,0,0
1,0,0
1,0,0
0,0,0
1,0,0
1,0,0
0,0,0
1,0,0
1,0,0
0,0,0
1,0,0
1,0,0
1,1,0
0,0,0
0,1,0
1,0,0
1,1,0
1,0,0
0,0,0
1,0,0
1,0,0
1,0,0
1,1,0
1,0,0
1,0,0
0,0,0
0,1,0
1,0,0
0,0,0
0,0,0
1,0,0
1,0,0
1,0,0
1,0,0
0,1,0
0,0,0
1,0,0
1,1,0
1,0,0
0,0,0
0,0,0
1,0,0
0,0,0
1,1,0
1,0,0
1,0,0
1,0,0
1,0,0
1,1,0
1,0,0
1,0,0
0,1,0
1,0,0
0,0,0
1,0,0
1,0,0
0,0,0
0,0,0
1,0,0
1,0,0
1,0,0
0,0,0
0,0,0
1,0,0
0,0,0
1,0,0
1,0,0
1,0,0
1,0,0
0,0,0
1,0,0
1,0,0
0,0,0
0,0,0
0,0,0
1,0,0
1,0,0
0,0,0
1,0,0
1,0,0
0,0,0
0,0,0
1,1,0
1,0,0
1,0,0
1,0,0
1,0,0
1,0,0
1,0,0
1,0,0
0,0,0
0,0,0
1,0,0
1,1,0
0,0,0
1,0,0
0,0,0
1,0,0
1,0,0
0,0,0
1,0,0
1,0,0
1,0,0
1,0,0
1,0,0
1,0,0
0,0,0
1,0,0
0,0,0
1,1,0
1,0,0
1,1,0
1,0,0
1,0,0
0,0,0
1,0,0
1,0,0
0,0,0
1,0,0
1,1,0
0,0,0
1,0,0
1,1,0
0,0,0
1,0,0
1,0,0
1,1,0
1,0,0
1,1,0
1,0,0
1,0,0
1,1,0
0,0,0
1,0,0
1,0,0
1,0,0
1,0,0
1,0,0
0,0,0
1,0,0
0,0,0
0,0,0
1,0,0
0,0,0
1,0,0
0,0,0
1,0,0
1,0,0
1,0,0
1,0,0
0,0,0
1,0,0
1,0,0
1,0,0
1,0,0
1,0,0
1,0,0
1,0,0
0,0,0
1,0,0
1,0,0
1,0,0
1,0,0
1,0,0
1,0,0
0,0,0
1,0,0
1,0,0
0,0,0
0,0,0
1,0,0
1,0,0
1,1,0
1,0,0
1,0,0
1,0,0
1,0,0
1,0,0
1,0,0
0,0,0
0,0,0
1,0,0
1,0,0
1,0,0
1,0,0
1,0,0
1,0,0
1,0,0
0,0,0
1,0,0
1,0,0
1,0,0
1,1,0
1,0,0
0,0,0
1,0,0
1,0,0
0,1,0
1,0,0
0,0,0
0,0,0
1,0,0
1,0,0
0,0,0
1,0,0
1,0,0
1,0,0
0,0,0
0,1,0
0,0,0
1,0,0
0,0,0
1,0,0
1,0,0
1,0,0
1,0,0
1,0,0
1,0,0
0,0,0
1,0,0
1,0,0
1,0,0
1,0,0
0,0,0
1,0,0
1,0,0
1,0,0
0,0,0
1,0,0
1,0,0
1,0,0
1,0,0
1,0,0
1,1,0
1,0,0
1,0,0
1,0,0
1,0,0
0,0,0
0,0,0
1,0,0
1,1,0
0,0,0
1,0,0
1,1,0
0,0,0
1,0,0
1,0,0
0,0,0
1,0,0
0,0,0
1,0,0
1,0,0
1,0,0
1,0,0
0,0,0
1,0,0
0,1,0
1,0,0
0,0,0
1,0,0
1,0,0
1,0,0
1,1,0
1,0,0
1,1,0
1,0,0
1,0,0
1,0,0
0,0,0
1,0,0
1,0,0
1,0,0
1,0,0
1,1,0
0,0,0
1,0,0
1,0,0
1,0,0
1,0,0
1,0,0
0,0,0
1,0,0
0,0,0
1,0,0
1,1,0
1,0,0
1,0,0
1,0,0
1,0,0
1,0,0
0,0,0
1,0,0
1,0,0
1,0,0
1,0,0
0,0,0
0,0,0
1,1,0
1,1,0
1,0,0
0,0,0
1,0,0
1,0,0
1,0,0
0,0,0
0,0,0
1,0,0
1,0,0
1,0,0
1,0,0
0,0,0
1,0,0
1,0,0
1,0,0
1,0,0
1,0,0
1,0,0
1,0,0
1,0,0
0,1,0
0,0,0
1,0,0
0,0,0
1,0,0
1,0,0
1,0,0
0,0,0
0,0,0
0,0,0
1,0,0
0,0,0
0,0,0
0,0,0
1,1,0
0,1,0
0,0,0
1,0,0
1,0,0
0,0,0
0,0,0
1,0,0
0,0,0
1,0,0
0,0,0
1,0,0
0,0,0
0,0,0
1,0,0
0,0,0
1,0,0
0,1,0
0,0,0
0,0,0
0,0,0
0,0,0
0,0,0
1,0,0
0,0,0
0,0,0
0,0,0
1,1,0
0,0,0
0,0,0
0,0,0
1,0,0
1,0,0
0,0,0
0,1,0
0,0,0
1,0,0
0,0,0
1,0,0
0,0,0
1,1,0
0,0,0
0,0,0
1,0,0
0,1,0
0,0,0
0,0,0
1,0,0
0,0,0
1,1,0
0,0,0
0,0,0
0,0,0
1,0,0
1,0,0
0,0,0
1,0,0
1,0,0
0,0,0
0,0,0
0,0,0
0,0,0
1,0,0
1,0,0
0,0,0
0,0,0
0,0,0
0,0,0
1,0,0
0,1,0
0,0,0
1,0,0
0,0,0
0,0,0
0,0,0
1,0,0
1,0,0
1,0,0
0,0,0
1,0,0
0,0,0
1,0,0
1,0,0
0,0,0
0,0,0
1,0,0
0,0,0
0,0,0
0,0,0
0,0,0
0,0,0
0,0,0
1,1,0
1,0,0
0,0,0
0,0,0
0,0,0
0,0,0
0,0,0
0,0,0
0,0,0
0,0,0
1,0,0
0,1,0
1,0,0
0,0,0
1,0,0
0,0,0
0,0,0
1,0,0
0,0,0
0,0,0
1,0,0
1,0,0
0,0,0
0,0,0
0,0,0
1,0,0
1,0,0
0,0,0
0,0,0
1,0,0
1,0,0
0,1,0
0,0,0
0,1,0
1,0,0
0,0,0
1,0,0
1,1,0
0,0,0
1,0,0
0,0,0
1,0,0
1,1,0
0,0,0
0,0,0
1,0,0
1,0,0
1,0,0
0,0,0
1,1,0
0,0,0
0,0,0
0,0,0
0,0,0
0,0,0
1,0,0
0,0,0
0,0,0
1,0,0
1,0,0
0,0,0
0,0,0
1,0,0
0,0,0
1,0,0
0,0,0
0,1,0
1,0,0
0,0,0
1,0,0
1,0,0
0,0,0
1,0,0
0,0,0
1,0,0
0,1,0
0,0,0
0,0,0
1,0,0
0,0,0
1,0,0
0,0,0
0,0,0
0,0,0
0,0,0
0,1,0
1,1,0
0,0,0
1,0,0
0,0,0
1,0,0
0,0,0
1,0,0
1,0,0
0,0,0
0,0,0
0,0,0
0,0,0
0,0,0
1,1,0
0,0,0
0,0,0
0,0,0
1,1,0
1,0,0
0,0,0
0,0,0
0,0,0
0,0,0
0,0,0
1,0,0
1,0,0
0,0,0
1,0,0
0,0,0
1,0,0
0,0,0
1,0,0
0,0,0
1,0,0
0,0,0
0,0,0
1,0,0
0,0,0
0,0,0
0,1,0
0,0,0
0,0,0
0,1,0
0,0,0
0,1,0
1,1,0
0,1,0
0,0,0
0,1,0
0,0,0
0,1,0
1,1,0
1,1,0
0,0,0
0,0,0
1,0,0
1,0,0
0,0,0
0,0,0
0,1,0
0,0,0
1,0,0
0,0,0
0,0,0
1,0,0
0,0,0
1,0,0
0,0,0
1,0,0
0,0,0
0,0,0
1,0,0
1,0,0
0,0,0
0,0,0
0,1,0
1,0,0
0,0,0
0,0,0
1,0,0
1,0,0
0,0,0
0,0,0
0,0,0
1,0,0
0,0,0
1,0,0
1,0,0
0,1,0
0,0,0
0,0,0
0,1,0
0,0,0
0,0,0
0,0,0
0,0,0
1,0,0
1,0,0
0,0,0
0,0,0
1,0,0
0,1,0
1,0,0
1,0,0
0,0,0
1,1,0
0,0,0
1,0,0
0,0,0
0,0,0
1,0,0
0,0,0
1,0,0
0,0,0
1,0,0
1,0,0
1,0,0
0,0,0
1,0,0
0,0,0
0,0,0
0,0,0
0,0,0
0,0,0
0,0,0
0,0,0
0,1,0
0,0,0
1,0,0
0,0,0
1,1,0
0,0,0
1,0,0
1,1,0
0,0,0
1,0,0
0,0,0
0,0,0
1,0,0
0,0,0
0,0,0
0,0,0
1,0,0
0,0,0
0,0,0
1,0,0
1,1,0
1,0,0
0,1,0
0,0,0
1,0,0
0,0,0
1,0,0
0,0,0
1,0,0
1,1,0
0,0,0
1,0,0
0,0,0
1,0,0
1,0,0
0,0,0
1,0,0
0,0,0
1,0,0
0,0,0
1,0,0
1,0,0
0,0,0
1,0,0
1,0,0
0,0,0
1,0,0
0,0,0
0,0,0
0,0,0
1,1,0
0,0,0
0,0,0
0,0,0
1,0,0
0,0,0
0,0,0
0,0,0
0,0,0
0,0,0
0,0,0
1,0,0
0,0,0
0,0,0
1,0,0
0,0,0
1,0,0
0,0,0
0,0,0
0,0,0
0,1,0
0,0,0
0,0,0
0,0,0
1,1,0
0,0,0
1,0,0
0,0,0
0,0,0
0,0,0
0,0,0
0,0,0
0,0,0
1,0,0
1,0,0
0,0,0
0,0,0
1,0,0
0,0,0
1,1,0
0,0,0
1,0,0
0,0,0
0,1,0
0,0,0
0,1,0
1,0,0
0,0,0
1,0,0
0,0,0
1,0,0
0,0,0
1,1,0
0,0,0
0,1,0
0,0,0
0,0,0
1,0,0
1,0,0
0,0,0
0,0,0
0,0,0
0,0,0
1,0,0
0,1,0
1,0,0
1,0,0
0,0,0
1,0,0
0,0,0
0,0,0
1,0,0
0,0,0
1,0,0
1,0,0
1,0,0
0,0,0
0,0,0
0,0,0
1,0,0
0,0,0
1,1,0
0,0,0
1,0,0
0,0,0
0,0,0
0,0,0
1,0,0
0,0,0
1,0,0
0,0,0
1,0,0
1,0,0
0,0,0
1,0,0
1,0,0
0,0,0
1,0,0
1,0,0
0,0,0
0,0,0
0,0,0
0,0,0
0,0,0
0,0,0
0,0,0
0,0,0
0,0,0
1,1,0
0,0,0
1,0,0
1,0,0
1,0,0
1,0,0
0,0,0
1,0,0
0,0,0
1,0,0
0,0,0
0,0,0
1,1,0
0,0,0
0,1,0
0,0,0
0,0,0
0,0,0
1,0,0
1,0,0
0,0,0
0,0,0
1,0,0
1,0,0
0,0,0
0,0,0
1,1,0
1,0,0
0,0,0
1,0,0
1,0,0
0,0,0
1,0,0
0,0,0
1,0,0
1,0,0
0,0,0
0,0,0
0,0,0
1,0,0
0,0,0
1,0,0
0,0,0
0,0,0
1,0,0
0,0,0
0,0,0
0,0,0
0,0,0
1,0,0
0,0,0
1,0,0
0,0,0
0,1,0
1,0,0
0,0,0
1,0,0
1,0,0
0,0,0
0,1,0
0,0,0
0,0,0
0,0,0
0,0,0
1,0,0
0,0,0
1,1,0
1,0,0
0,1,0
0,0,0
0,0,0
1,0,0
0,0,0
0,0,0
0,0,0
0,0,0
1,0,0
0,0,0
1,0,0
0,1,0
1,0,0
0,1,0
0,1,0
1,0,0
0,0,0
0,0,0
0,0,0
0,0,0
1,0,0
0,0,0
1,0,0
0,0,0
1,0,0
0,0,0
1,0,0
0,0,0
0,1,0
1,0,0
0,0,0
0,1,0
0,0,0
1,0,0
1,0,0
0,0,0
1,1,0
1,0,0
1,1,0
1,0,0
1,1,0
0,0,0
1,0,0
1,0,0
1,0,0
1,0,0
1,0,0
1,0,0
1,0,0
0,0,0
1,0,0
1,1,0
0,0,0
1,1,0
1,0,0
1,1,0
1,0,0
0,0,0
1,0,0
1,0,0
0,0,0
0,0,0
1,0,0
0,0,0
1,0,0
1,0,0
0,1,0
0,1,0
1,0,0
0,0,0
0,0,0
1,0,0
1,0,0
0,0,0
1,0,0
1,0,0
1,0,0
0,0,0
1,0,0
1,0,0
0,0,0
1,0,0
0,0,0
1,0,0
1,0,0
1,0,0
1,0,0
0,0,0
0,0,0
1,0,0
1,0,0
0,0,0
1,0,0
0,0,0
0,0,0
1,0,0
1,0,0
1,0,0
1,0,0
1,0,0
1,0,0
1,0,0
0,1,0
1,0,0
1,0,0
0,0,0
1,0,0
1,0,0
1,0,0
1,0,0
1,0,0
1,0,0
1,0,0
0,0,0
1,0,0
0,0,0
1,0,0
1,0,0
0,1,0
1,0,0
1,0,0
1,0,0
1,0,0
0,1,0
1,0,0
0,0,0
0,0,0
1,0,0
1,0,0
1,0,0
1,0,0
0,0,0
1,1,0
1,0,0
1,0,0
1,0,0
1,0,0
1,0,0
1,0,0
1,0,0
1,0,0
1,0,0
1,0,0
1,0,0
0,0,0
1,0,0
1,0,0
1,0,0
1,0,0
0,0,0
0,0,0
0,0,0
0,1,0
1,0,0
1,0,0
0,1,0
1,1,0
0,0,0
1,0,0
0,0,0
0,0,0
0,0,0
0,1,0
0,0,0
1,0,0
1,0,0
1,0,0
1,0,0
1,1,0
0,0,0
1,0,0
1,0,0
1,1,0
1,0,0
0,0,0
1,0,0
1,0,0
1,0,0
1,0,0
1,0,0
1,1,0
1,0,0
1,0,0
0,0,0
0,0,0
0,0,0
1,0,0
1,0,0
1,0,0
1,0,0
1,0,0
1,0,0
1,0,0
1,1,0
0,0,0
1,0,0
1,0,0
0,0,0
0,0,0
0,0,0
1,0,0
1,0,0
1,0,0
1,0,0
1,1,0
1,0,0
1,0,0
1,0,0
0,0,0
1,0,0
1,0,0
1,0,0
0,0,0
0,0,0
0,0,0
1,0,0
0,0,0
1,0,0
1,0,0
1,0,0
1,0,0
1,0,0
1,0,0
0,1,0
0,0,0
0,0,0
1,0,0
1,0,0
1,0,0
1,0,0
1,0,0
1,0,0
1,0,0
1,0,0
1,1,0
1,0,0
0,0,0
1,0,0
1,0,0
1,0,0
1,0,0
0,0,0
1,0,0
1,1,0
1,0,0
1,0,0
1,1,0
1,0,0
1,0,0
1,0,0
1,0,0
0,0,0
1,0,0
1,0,0
1,0,0
1,0,0
1,0,0
1,1,0
0,0,0
1,0,0
1,0,0
1,0,0
1,0,0
1,0,0
1,0,0
1,0,0
0,0,0
0,0,0
1,0,0
1,0,0
1,0,0
1,0,0
1,0,0
1,0,0
1,0,0
1,0,0
1,0,0
1,1,0
1,0,0
0,0,0
1,0,0
1,0,0
1,0,0
1,0,0
1,0,0
1,1,0
0,0,0
1,0,0
1,0,0
1,0,0
1,0,0
1,0,0
0,1,0
1,0,0
1,0,0
1,0,0
0,0,0
1,0,0
1,0,0
1,0,0
1,0,0
1,0,0
1,0,0
0,0,0
1,0,0
1,1,0
1,0,0
1,0,0
1,0,0
1,0,0
1,0,0
1,1,0
1,0,0
1,0,0
1,0,0
1,0,0
1,0,0
1,0,0
0,1,0
1,0,0
0,0,0
1,0,0
1,0,0
0,0,0
1,0,0
1,1,0
1,1,0
0,0,0
1,0,0
1,0,0
1,0,0
0,0,0
1,1,0
1,0,0
1,0,0
1,0,0
0,0,0
1,0,0
0,0,0
1,0,0
1,0,0
1,1,0
0,0,0
1,0,0
0,0,0
0,0,0
0,0,0
1,0,0
1,0,0
1,1,0
1,1,0
1,0,0
0,0,0
0,0,0
1,0,0
1,0,0
1,0,0
1,0,0
1,0,0
1,0,0
1,0,0
0,0,0
1,0,0
0,0,0
1,0,0
1,0,0
1,0,0
0,0,0
1,0,0
1,0,0
1,0,0
1,0,0
0,0,0
1,1,0
0,0,0
1,0,0
1,0,0
1,1,0
1,0,0
0,0,0
0,0,0
0,0,0
0,0,0
1,0,0
1,0,0
1,0,0
0,0,0
1,0,0
1,0,0
1,0,0
1,0,0
0,0,0
0,0,0
1,0,0
1,0,0
1,0,0
0,0,0
1,0,0
1,0,0
1,0,0
1,0,0
1,0,0
1,0,0
1,0,0
1,0,0
0,0,0
0,0,0
1,0,0
1,0,0
0,0,0
1,0,0
0,0,0
1,0,0
1,1,0
1,0,0
1,1,0
1,0,0
1,0,0
1,0,0
1,0,0
1,1,0
0,0,0
1,1,0
1,0,0
0,0,0
1,0,0
1,0,0
1,0,0
1,1,0
0,0,0
1,0,0
0,0,0
1,0,0
1,0,0
1,0,0
1,0,0
1,0,0
1,0,0
0,0,0
0,0,0
1,0,0
1,0,0
1,0,0
1,1,0
1,0,0
1,0,0
0,0,0
1,0,0
0,0,0
1,0,0
1,1,0
1,0,0
0,0,0
1,0,0
1,0,0
1,0,0
0,0,0
1,0,0
1,0,0
0,0,0
1,0,0
1,0,0
1,0,0
1,0,0
1,0,0
0,0,0
0,0,0
1,0,0
0,0,0
0,0,0
0,0,0
1,0,0
0,0,0
1,1,0
1,0,0
0,0,0
0,0,0
1,0,0
1,0,0
1,1,0
0,0,0
0,0,0
1,0,0
1,0,0
1,0,0
1,0,0
0,0,0
1,0,0
1,1,0
0,0,0
0,0,0
1,0,0
0,0,0
1,0,0
1,0,0
1,0,0
0,0,0
1,0,0
1,0,0
1,0,0
1,0,0
0,0,0
0,0,0
1,1,0
1,0,0
1,1,0
0,0,0
1,0,0
0,1,0
1,0,0
1,0,0
0,0,0
1,0,0
1,0,0
1,0,0
1,0,0
1,0,0
1,0,0
1,0,0
0,0,0
1,0,0
0,0,0
1,0,0
1,0,0
1,0,0
1,0,0
1,0,0
1,0,0
1,0,0
0,0,0
1,1,0
1,0,0
1,0,0
1,0,0
0,0,0
1,0,0
0,0,0
0,0,0
0,0,0
1,0,0
1,0,0
0,0,0
1,1,0
0,0,0
1,0,0
0,0,0
1,1,0
0,0,0
1,0,0
1,0,0
1,0,0
1,0,0
1,0,0
1,0,0
0,0,0
1,0,0
0,0,0
1,0,0
1,0,0
1,0,0
1,0,0
1,0,0
1,0,0
1,1,0
0,0,0
1,0,0
1,0,0
1,0,0
1,0,0
1,0,0
0,1,0
1,0,0
0,1,0
1,0,0
1,0,0
1,0,0
1,0,0
0,0,0
1,0,0
1,0,0
0,0,0
1,0,0
1,0,0
1,0,0
1,0,0
0,0,0
1,0,0
1,0,0
1,0,0
1,0,0
1,0,0
1,0,0
1,1,0
1,0,0
1,0,0
1,0,0
1,0,0
0,0,0
1,0,0
1,0,0
1,0,0
0,0,0
1,0,0
1,0,0
1,0,0
1,0,0
0,0,0
1,0,0
1,0,0
0,0,0
0,0,0
1,1,0
1,0,0
1,0,0
1,0,0
1,0,0
1,0,0
1,0,0
1,0,0
1,0,0
1,0,0
1,0,0
1,0,0
1,0,0
1,0,0
1,0,0
1,0,0
1,1,0
1,0,0
1,0,0
1,1,0
1,0,0
1,0,0
0,0,0
1,0,0
1,0,0
1,0,0
1,0,0
1,0,0
1,0,0
1,1,0
1,0,0
1,0,0
0,1,0
0,0,0
1,0,0
1,0,0
1,0,0
1,0,0
1,0,0
1,0,0
0,0,0
0,0,0
1,1,0
1,0,0
1,0,0
1,0,0
1,0,0
0,1,0
1,0,0
1,0,0
0,0,0
0,0,0
0,1,0
1,0,0
1,0,0
1,0,0
0,1,0
1,1,0
1,0,0
0,0,0
0,0,0
1,0,0
1,1,0
0,0,0
1,0,0
1,0,0
1,0,0
1,0,0
1,0,0
0,0,0
0,0,0
0,0,0
0,0,0
0,0,0
0,0,0
0,1,0
1,0,0
1,0,0
1,0,0
1,0,0
1,0,0
1,0,0
1,0,0
1,0,0
0,0,0
0,1,0
1,0,0
1,0,0
1,0,0
0,1,0
0,1,0
1,1,0
0,0,0
1,0,0
1,0,0
0,0,0
1,0,0
1,0,0
0,0,0
1,0,0
1,0,0
1,0,0
0,0,0
0,0,0
1,0,0
1,1,0
1,0,0
1,0,0
1,0,0
1,0,0
1,0,0
1,0,0
0,0,0
1,0,0
0,0,0
1,0,0
1,0,0
1,0,0
1,0,0
0,0,0
1,0,0
1,0,0
1,0,0
1,0,0
1,0,0
1,0,0
1,0,0
0,0,0
1,1,0
0,0,0
1,0,0
1,0,0
1,0,0
1,0,0
1,0,0
0,0,0
1,0,0
1,0,0
1,1,0
1,0,0
1,1,0
1,0,0
0,0,0
1,0,0
0,0,0
0,0,0
1,0,0
1,0,0
1,0,0
1,0,0
1,0,0
1,0,0
1,0,0
1,0,0
1,1,0
0,0,0
1,0,0
1,0,0
1,0,0
1,0,0
1,0,0
0,0,0
1,0,0
1,0,0
1,0,0
1,0,0
1,0,0
0,0,0
1,0,0
0,0,0
1,0,0
1,1,0
0,0,0
1,0,0
1,0,0
1,0,0
1,0,0
1,0,0
1,1,0
1,0,0
1,0,0
0,0,0
1,1,0
1,0,0
1,0,0
1,0,0
1,0,0
0,0,0
1,0,0
1,0,0
1,0,0
1,0,0
1,0,0
1,0,0
0,0,0
1,0,0
1,0,0
1,0,0
1,1,0
1,0,0
1,0,0
1,1,0
0,0,0
1,0,0
1,0,0
1,0,0
1,0,0
1,0,0
1,0,0
1,0,0
1,0,0
0,0,0
1,0,0
1,1,0
1,0,0
1,0,0
1,1,0
1,0,0
1,1,0
1,0,0
1,0,0
1,1,0
1,0,0
0,0,0
1,0,0
0,0,0
1,0,0
0,0,0
1,0,0
1,0,0
1,0,0
1,1,0
1,0,0
1,0,0
0,0,0
1,0,0
1,0,0
0,0,0
1,0,0
1,0,0
1,0,0
0,0,0
0,0,0
1,0,0
1,0,0
1,0,0
1,0,0
1,0,0
0,0,0
1,0,0
0,0,0
1,0,0
0,0,0
1,0,0
1,1,0
1,0,0
1,0,0
0,0,0
1,0,0
0,0,0
0,0,0
0,0,0
1,0,0
1,1,0
1,0,0
0,0,0
0,1,0
1,0,0
1,0,0
1,0,0
0,0,0
1,0,0
1,0,0
1,0,0
1,0,0
1,0,0
0,1,0
1,0,0
1,0,0
1,0,0
1,0,0
0,0,0
1,0,0
1,0,0
0,0,0
1,1,0
0,0,0
0,0,0
1,1,0
1,0,0
1,0,0
1,0,0
1,1,0
1,0,0
0,0,0
0,0,0
0,0,0
0,0,0
1,0,0
1,0,0
1,0,0
1,0,0
1,0,0
1,0,0
1,0,0
1,0,0
1,0,0
1,0,0
1,0,0
1,0,0
1,0,0
1,0,0
0,0,0
0,0,0
0,0,0
1,1,0
1,0,0
1,0,0
1,0,0
1,0,0
1,1,0
1,0,0
1,0,0
1,0,0
1,0,0
1,0,0
1,0,0
0,0,0
0,0,0
1,0,0
1,0,0
1,0,0
1,0,0
0,0,0
1,0,0
0,0,0
0,0,0
1,0,0
0,0,0
1,0,0
1,0,0
1,0,0
1,0,0
1,0,0
0,0,0
1,0,0
1,0,0
1,0,0
0,0,0
1,0,0
0,0,0
1,0,0
1,0,0
1,0,0
1,0,0
1,0,0
1,0,0
0,0,0
1,0,0
0,0,0
0,0,0
1,1,0
1,1,0
1,0,0
1,0,0
1,1,0
1,0,0
1,0,0
0,0,0
1,0,0
0,0,0
1,0,0
0,0,0
1,0,0
1,0,0
0,0,0
1,0,0
1,0,0
1,0,0
1,0,0
0,0,0
0,0,0
0,0,0
1,0,0
0,0,0
1,0,0
1,0,0
1,0,0
0,0,0
1,0,0
1,0,0
1,1,0
1,0,0
1,0,0
1,0,0
0,0,0
1,0,0
1,0,0
1,0,0
1,0,0
1,1,0
0,0,0
1,0,0
1,0,0
1,0,0
0,0,0
1,0,0
1,1,0
0,0,0
0,0,0
0,0,0
1,0,0
1,0,0
1,0,0
1,0,0
0,0,0
1,0,0
1,0,0
1,0,0
1,0,0
1,0,0
0,0,0
1,0,0
1,0,0
1,0,0
1,0,0
1,0,0
1,0,0
0,0,0
1,0,0
1,0,0
1,0,0
1,0,0
0,0,0
1,0,0
1,0,0
0,0,0
1,0,0
1,0,0
1,0,0
0,1,0
0,1,0
0,0,0
1,0,0
1,1,0
1,0,0
1,0,0
1,0,0
0,0,0
1,0,0
1,0,0
1,0,0
1,0,0
1,0,0
0,0,0
1,0,0
1,0,0
0,0,0
1,0,0
1,0,0
1,0,0
1,0,0
0,0,0
1,0,0
1,0,0
1,0,0
0,0,0
0,0,0
1,0,0
1,0,0
1,0,0
1,0,0
1,0,0
1,0,0
0,0,0
1,1,0
0,0,0
1,0,0
0,0,0
1,0,0
1,0,0
1,0,0
1,0,0
0,0,0
1,0,0
1,0,0
1,0,0
1,0,0
1,0,0
0,0,0
1,0,0
0,0,0
0,0,0
1,0,0
1,0,0
0,0,0
1,0,0
1,0,0
1,0,0
1,1,0
1,0,0
1,0,0
0,0,0
0,0,0
0,0,0
1,0,0
0,1,0
1,0,0
1,0,0
1,0,0
1,0,0
1,0,0
1,0,0
1,0,0
1,0,0
1,1,0
1,0,0
1,0,0
1,0,0
0,0,0
1,0,0
0,0,0
1,0,0
1,0,0
1,0,0
1,0,0
1,0,0
1,0,0
1,0,0
1,0,0
1,0,0
0,0,0
1,0,0
1,1,0
1,1,0
1,0,0
1,0,0
1,0,0
0,0,0
1,0,0
1,0,0
1,0,0
0,0,0
0,0,0
1,0,0
0,0,0
1,0,0
0,0,0
1,0,0
1,1,0
0,0,0
1,0,0
0,0,0
0,0,0
0,0,0
1,0,0
0,0,0
0,0,0
0,0,0
0,0,0
1,1,0
1,1,0
0,0,0
1,0,0
1,0,0
1,0,0
1,0,0
1,0,0
1,0,0
1,0,0
0,0,0
1,0,0
0,1,0
1,0,0
0,0,0
1,1,0
0,0,0
1,0,0
0,0,0
0,0,0
0,0,0
1,0,0
1,0,0
1,0,0
1,0,0
1,1,0
1,0,0
1,0,0
0,0,0
0,0,0
1,0,0
1,0,0
1,0,0
1,0,0
0,0,0
0,0,0
1,0,0
1,1,0
1,0,0
0,1,0
1,0,0
1,0,0
1,0,0
1,0,0
1,0,0
1,0,0
1,0,0
0,1,0
1,0,0
1,0,0
1,0,0
1,1,0
1,0,0
1,0,0
1,0,0
1,1,0
1,0,0
1,0,0
1,0,0
0,0,0
1,0,0
1,0,0
1,0,0
1,0,0
0,0,0
0,0,0
1,1,0
1,0,0
1,0,0
1,0,0
1,0,0
0,0,0
0,1,0
1,0,0
1,0,0
1,0,0
1,0,0
1,0,0
1,0,0
1,1,0
1,0,0
1,1,0
1,1,0
1,0,0
1,0,0
1,0,0
1,0,0
1,0,0
1,0,0
1,0,0
1,0,0
0,1,0
1,0,0
1,0,0
0,0,0
1,0,0
1,0,0
1,0,0
1,0,0
1,0,0
1,0,0
1,0,0
0,0,0
1,0,0
1,0,0
1,0,0
1,0,0
1,0,0
0,0,0
1,0,0
1,0,0
1,0,0
1,0,0
1,0,0
1,0,0
1,0,0
1,0,0
1,0,0
0,0,0
0,0,0
1,0,0
0,0,0
0,0,0
1,1,0
1,0,0
1,1,0
0,0,0
1,0,0
0,0,0
0,0,0
1,0,0
0,0,0
0,0,0
1,0,0
1,0,0
1,0,0
1,1,0
0,1,0
1,0,0
1,0,0
1,0,0
1,0,0
1,0,0
1,0,0
1,0,0
1,0,0
0,0,0
0,0,0
1,0,0
1,0,0
0,0,0
1,0,0
1,0,0
0,0,0
1,0,0
0,0,0
1,0,0
0,0,0
1,1,0
0,0,0
1,0,0
1,0,0
1,0,0
1,0,0
1,1,0
1,0,0
1,0,0
1,1,0
1,0,0
1,0,0
0,0,0
1,0,0
1,0,0
1,1,0
1,0,0
1,0,0
1,1,0
0,0,0
1,0,0
1,1,0
0,0,0
1,0,0
1,0,0
1,0,0
0,0,0
0,0,0
0,1,0
1,0,0
1,0,0
1,0,0
1,0,0
1,1,0
1,0,0
1,0,0
1,0,0
1,0,0
1,0,0
1,0,0
1,0,0
0,0,0
0,0,0
0,1,0
0,0,0
1,0,0
1,1,0
1,0,0
1,0,0
0,0,0
0,0,0
0,0,0
1,0,0
1,0,0
1,0,0
0,0,0
1,0,0
1,0,0
1,0,0
0,0,0
1,0,0
1,0,0
1,0,0
0,0,0
1,1,0
1,0,0
0,0,0
1,0,0
1,0,0
1,0,0
0,0,0
1,0,0
0,0,0
0,0,0
0,0,0
0,0,0
0,0,0
1,0,0
1,0,0
1,0,0
0,0,0
0,0,0
1,0,0
0,0,0
1,0,0
1,0,0
1,0,0
0,0,0
1,0,0
1,0,0
0,0,0
0,0,0
1,0,0
0,0,0
1,0,0
0,0,0
1,1,0
0,0,0
1,0,0
0,0,0
1,0,0
1,0,0
1,0,0
0,0,0
1,0,0
1,0,0
1,0,0
1,0,0
0,0,0
1,0,0
1,0,0
0,1,0
0,0,0
0,0,0
1,0,0
0,0,0
1,0,0
0,0,0
1,0,0
1,0,0
1,0,0
0,0,0
1,0,0
0,0,0
1,0,0
0,0,0
0,0,0
0,1,0
0,0,0
1,0,0
1,0,0
1,0,0
0,0,0
1,0,0
1,0,0
1,0,0
1,0,0
1,0,0
1,1,0
1,0,0
1,0,0
1,0,0
1,0,0
1,0,0
1,0,0
0,0,0
0,0,0
1,0,0
0,0,0
1,1,0
1,0,0
1,0,0
1,0,0
1,0,0
1,0,0
0,0,0
1,0,0
1,0,0
0,0,0
1,0,0
1,1,0
1,0,0
1,0,0
1,0,0
1,0,0
0,1,0
1,0,0
1,0,0
1,0,0
1,0,0
1,0,0
0,0,0
1,0,0
1,0,0
0,0,0
1,0,0
1,0,0
1,0,0
0,0,0
0,0,0
1,0,0
0,0,0
1,0,0
0,0,0
1,0,0
0,0,0
1,0,0
0,0,0
1,0,0
1,0,0
0,0,0
1,0,0
1,0,0
1,1,0
1,0,0
1,0,0
1,0,0
1,0,0
1,0,0
1,0,0
0,0,0
1,1,0
1,0,0
1,0,0
0,0,0
1,0,0
1,0,0
1,0,0
1,0,0
0,0,0
1,0,0
1,0,0
1,0,0
1,1,0
1,0,0
1,0,0
1,0,0
1,0,0
1,0,0
1,0,0
1,1,0
1,1,0
1,1,0
1,0,0
1,0,0
1,0,0
1,0,0
1,0,0
1,0,0
1,0,0
1,0,0
1,1,0
1,0,0
1,0,0
1,0,0
0,0,0
1,0,0
0,0,0
1,0,0
1,1,0
1,0,0
1,0,0
1,1,0
1,1,0
1,0,0
1,0,0
1,0,0
1,0,0
1,0,0
1,0,0
0,0,0
1,0,0
0,0,0
1,0,0
0,0,0
0,0,0
1,0,0
1,0,0
1,0,0
0,0,0
1,0,0
1,1,0
1,0,0
1,0,0
0,0,0
1,0,0
1,1,0
1,0,0
1,0,0
0,0,0
1,1,0
1,0,0
0,0,0
0,0,0
0,0,0
1,0,0
1,0,0
1,1,0
1,0,0
1,0,0
1,0,0
1,0,0
1,0,0
1,0,0
1,0,0
1,0,0
1,0,0
1,0,0
1,0,0
1,0,0
1,0,0
0,0,0
1,0,0
1,1,0
0,0,0
0,0,0
0,0,0
1,0,0
1,1,0
1,0,0
1,0,0
1,0,0
1,0,0
1,0,0
1,0,0
0,0,0
0,0,0
0,0,0
1,0,0
1,0,0
0,1,0
1,0,0
1,0,0
0,0,0
1,0,0
1,1,0
1,0,0
1,0,0
1,0,0
0,0,0
1,1,0
0,0,0
1,0,0
0,0,0
0,0,0
0,0,0
1,0,0
1,1,0
1,1,0
1,0,0
1,0,0
0,0,0
1,0,0
0,0,0
0,0,0
1,0,0
0,0,0
0,0,0
1,0,0
1,1,0
1,0,0
0,0,0
1,0,0
0,0,0
1,0,0
1,1,0
1,0,0
0,1,1
0,1,1
0,1,1
0,1,1
0,1,1
0,1,1
0,0,1
0,0,1
0,0,1
0,0,1
0,0,1
0,0,1
0,1,1
0,1,1
0,0,1
0,0,1
0,1,1
0,1,1
0,0,1
0,1,1
0,0,1
0,1,1
0,0,1
0,1,1
0,0,1
0,1,1
0,0,1
0,0,1
0,1,1
0,1,1
0,0,1
0,1,1
0,1,1
0,0,1
0,1,1
0,0,1
0,1,1
1,0,1
0,1,1
0,1,1
0,1,1
0,0,1
0,0,1
0,0,1
0,1,1
0,0,1
0,0,1
0,0,1
0,1,1
0,1,1
1,1,1
0,0,1
1,0,1
0,0,1
0,0,1
0,0,1
0,1,1
0,1,1
0,0,1
0,1,1
1,1,1
0,1,1
0,0,1
0,1,1
0,1,1
0,0,1
0,0,1
0,1,1
0,0,1
0,0,1
0,0,1
0,0,1
0,0,1
0,1,1
0,0,1
0,1,1
0,0,1
0,0,1
0,1,1
0,1,1
0,1,1
0,1,1
0,1,1
0,1,1
0,1,1
0,0,1
0,1,1
0,0,1
1,0,1
0,1,1
0,0,1
1,1,1
0,0,1
0,1,1
0,1,1
0,1,1
0,1,1
0,1,1
0,0,1
0,0,1
0,1,1
0,0,1
0,1,1
0,0,1
0,1,1
0,1,1
0,1,1
1,1,1
0,0,1
0,1,1
0,1,1
0,1,1
0,0,1
0,0,1
0,1,1
0,0,1
0,0,1
0,0,1
0,1,1
0,0,1
0,1,1
1,0,1
0,1,1
0,1,1
0,1,1
0,1,1
0,1,1
0,0,1
0,1,1
0,0,1
0,0,1
0,1,1
0,0,1
0,0,1
0,1,1
0,0,1
0,1,1
0,1,1
0,0,1
0,0,1
0,0,1
0,1,1
0,1,1
0,1,1
0,0,1
0,1,1
0,0,1
0,1,1
0,0,1
0,1,1
0,0,1
0,1,1
0,1,1
0,0,1
0,1,1
0,0,1
0,0,1
0,0,1
0,1,1
0,1,1
0,0,1
0,0,1
0,1,1
0,1,1
1,1,1
0,1,1
0,1,1
0,0,1
0,1,1
0,1,1
0,1,1
0,0,1
0,1,1
0,1,1
0,1,1
0,1,1
0,1,1
0,1,1
0,1,1
0,1,1
0,0,1
0,1,1
0,0,1
0,1,1
0,1,1
0,0,1
1,0,1
0,1,1
0,1,1
0,0,1
0,0,1
0,0,1
0,0,1
0,1,1
0,1,1
0,0,1
0,1,1
0,0,1
1,0,1
0,0,1
0,1,1
0,1,1
0,1,1
0,0,1
0,0,1
0,1,1
0,1,1
0,0,1
0,0,1
0,0,1
0,1,1
0,0,1
0,0,1
0,1,1
0,0,1
0,0,1
0,1,1
0,0,1
0,1,1
0,1,1
0,1,1
0,0,1
0,0,1
0,0,1
0,0,1
0,1,1
0,0,1
0,1,1
0,0,1
0,0,1
0,1,1
0,1,1
0,0,1
0,1,1
0,0,1
0,0,1
0,1,1
0,1,1
0,1,1
0,0,1
0,1,1
1,1,1
0,0,1
0,0,1
0,0,1
0,0,1
0,0,1
0,1,1
0,0,1
0,1,1
0,0,1
0,0,1
0,0,1
0,0,1
0,0,1
1,0,1
0,0,1
0,0,1
0,1,1
0,0,1
0,0,1
0,1,1
0,1,1
0,0,1
0,1,1
0,1,1
0,0,1
0,0,1
0,0,1
0,0,1
0,0,1
0,0,1
0,1,1
0,1,1
0,0,1
1,0,1
0,0,1
0,0,1
0,1,1
1,0,1
0,1,1
0,0,1
0,0,1
0,0,1
0,1,1
0,0,1
0,1,1
0,0,1
0,0,1
0,0,1
0,1,1
0,0,1
0,1,1
0,0,1
0,1,1
1,0,1
0,1,1
0,0,1
0,0,1
0,1,1
0,0,1
0,0,1
1,1,1
0,1,1
0,0,1
0,1,1
0,1,1
0,0,1
0,0,1
0,1,1
0,1,1
0,1,1
0,1,1
1,0,1
0,1,1
1,0,1
1,0,1
0,1,1
0,1,1
0,1,1
1,0,1
0,1,1
0,0,1
1,0,1
0,0,1
0,0,1
0,0,1
0,0,1
0,1,1
0,0,1
0,1,1
0,1,1
0,1,1
0,1,1
0,0,1
0,1,1
0,1,1
0,0,1
0,1,1
0,1,1
0,1,1
0,0,1
0,0,1
0,1,1
0,1,1
0,1,1
0,1,1
0,0,1
0,0,1
0,1,1
0,0,1
0,0,1
0,0,1
0,1,1
0,1,1
0,0,1
0,0,1
0,0,1
0,1,1
0,0,1
0,0,1
0,0,1
1,0,1
0,1,1
0,0,1
0,0,1
0,0,1
0,1,1
0,1,1
0,0,1
0,0,1
0,1,1
0,1,1
0,1,1
0,1,1
0,0,1
0,1,1
0,1,1
0,1,1
0,0,1
0,1,1
0,0,1
1,0,1
0,0,1
0,0,1
0,1,1
0,0,1
0,1,1
0,0,1
0,1,1
0,1,1
1,0,1
0,1,1
0,1,1
0,0,1
0,1,1
0,0,1
0,0,1
0,1,1
0,1,1
0,0,1
0,1,1
0,0,1
0,0,1
0,0,1
0,1,1
0,0,1
1,0,1
0,1,1
0,0,1
0,1,1
0,1,1
0,0,1
0,0,1
1,1,1
0,0,1
0,0,1
0,0,1
0,0,1
0,0,1
0,1,1
0,1,1
0,1,1
0,1,1
0,0,1
0,1,1
0,1,1
0,0,1
0,0,1
0,1,1
0,1,1
0,1,1
0,0,1
0,0,1
0,0,1
0,0,1
1,0,1
0,1,1
0,0,1
0,0,1
0,1,1
0,1,1
0,0,1
0,0,1
0,0,1
0,1,1
0,1,1
0,0,1
0,0,1
0,1,1
0,1,1
0,0,1
1,0,1
0,0,1
0,0,1
0,0,1
0,0,1
0,0,1
0,1,1
0,1,1
0,1,1
0,0,1
0,0,1
0,0,1
0,1,1
0,0,1
0,1,1
0,0,1
1,1,1
1,1,1
0,1,1
0,1,1
0,1,1
0,1,1
0,1,1
0,0,1
0,1,1
0,0,1
0,0,1
0,1,1
0,1,1
0,1,1
1,1,1
0,0,1
0,1,1
0,0,1
0,1,1
0,0,1
0,0,1
0,0,1
0,1,1
1,1,1
0,1,1
0,1,1
0,0,1
0,0,1
0,0,1
1,1,1
0,0,1
0,0,1
0,0,1
0,1,1
0,1,1
1,1,1
0,1,1
0,0,1
0,1,1
0,0,1
0,1,1
0,1,1
0,0,1
1,1,1
1,1,1
0,1,1
0,0,1
0,0,1
0,0,1
0,1,1
0,0,1
0,0,1
0,1,1
1,1,1
1,0,1
0,1,1
0,0,1
1,1,1
0,0,1
0,0,1
0,1,1
0,1,1
0,1,1
0,1,1
0,1,1
0,0,1
0,1,1
0,1,1
0,1,1
0,0,1
0,0,1
0,1,1
0,1,1
0,0,1
0,0,1
1,1,1
0,1,1
0,0,1
0,1,1
0,0,1
0,1,1
0,0,1
0,0,1
1,0,1
0,0,1
0,1,1
0,1,1
0,0,1
0,1,1
0,0,1
0,1,1
0,0,1
0,1,1
0,0,1
0,0,1
0,1,1
0,1,1
0,1,1
0,0,1
0,0,1
0,0,1
0,1,1
0,1,1
0,0,1
0,1,1
0,1,1
0,1,1
0,1,1
0,0,1
0,1,1
0,1,1
0,1,1
0,1,1
0,0,1
0,0,1
0,1,1
0,1,1
1,0,1
0,1,1
0,1,1
0,0,1
0,0,1
0,1,1
0,1,1
0,1,1
0,0,1
0,0,1
0,1,1
0,0,1
0,0,1
0,1,1
0,0,1
0,0,1
0,1,1
0,0,1
0,0,1
0,0,1
0,1,1
0,1,1
0,0,1
0,0,1
0,1,1
0,0,1
0,1,1
0,0,1
0,1,1
0,1,1
0,0,1
0,0,1
0,1,1
0,1,1
1,1,1
0,0,1
0,1,1
0,1,1
0,1,1
0,1,1
0,0,1
0,1,1
0,0,1
0,1,1
0,1,1
0,1,1
0,0,1
0,0,1
0,0,1
0,1,1
0,0,1
0,0,1
1,0,1
0,0,1
0,1,1
0,0,1
0,0,1
1,0,1
0,0,1
0,1,1
0,0,1
0,1,1
0,0,1
0,1,1
0,0,1
0,0,1
0,1,1
0,0,1
0,0,1
0,0,1
1,1,1
0,0,1
1,0,1
0,1,1
0,0,1
0,0,1
0,1,1
0,0,1
0,0,1
0,1,1
1,0,1
0,0,1
0,1,1
0,1,1
0,1,1
0,0,1
0,1,1
0,1,1
0,1,1
0,0,1
0,0,1
0,0,1
0,0,1
0,1,1
0,0,1
0,0,1
0,1,1
0,0,1
0,1,1
0,1,1
0,0,1
0,0,1
0,1,1
0,1,1
0,0,1
1,0,1
0,0,1
0,1,1
0,1,1
0,0,1
0,1,1
0,1,1
0,1,1
0,1,1
0,1,1
0,1,1
1,0,1
0,0,1
0,0,1
0,1,1
0,1,1
0,0,1
0,0,1
0,1,1
1,0,1
1,0,1
0,0,1
0,0,1
0,1,1
0,1,1
0,0,1
0,0,1
1,1,1
0,0,1
0,1,1
0,0,1
0,0,1
0,0,1
0,0,1
0,0,1
0,1,1
0,0,1
0,1,1
0,0,1
0,1,1
0,0,1
0,0,1
0,0,1
1,1,1
0,0,1
0,0,1
0,0,1
0,0,1
0,0,1
0,0,1
0,0,1
0,1,1
0,1,1
0,0,1
0,1,1
0,1,1
0,1,1
0,0,1
0,1,1
0,0,1
1,0,1
0,0,1
0,0,1
0,0,1
0,0,1
0,0,1
0,1,1
0,1,1
1,0,1
0,0,1
0,0,1
0,1,1
0,1,1
0,0,1
0,1,1
0,0,1
0,0,1
0,1,1
0,0,1
0,1,1
0,1,1
0,1,1
0,0,1
0,0,1
0,1,1
0,0,1
0,1,1
1,1,1
0,0,1
0,1,1
0,1,1
0,1,1
0,1,1
0,1,1
0,0,1
0,1,1
0,0,1
0,1,1
0,1,1
0,1,1
0,0,1
0,1,1
0,0,1
0,1,1
0,0,1
0,1,1
0,0,1
0,1,1
0,0,1
0,0,1
0,0,1
0,0,1
0,0,1
0,0,1
0,1,1
0,0,1
0,0,1
1,0,1
0,0,1
0,1,1
0,1,1
0,1,1
0,0,1
0,1,1
0,0,1
1,0,1
0,0,1
1,1,1
0,0,1
0,1,1
0,0,1
0,1,1
0,1,1
0,0,1
0,0,1
0,0,1
0,1,1
0,1,1
0,1,1
0,0,1
0,0,1
0,0,1
0,1,1
0,0,1
0,0,1
0,0,1
0,0,1
0,1,1
0,1,1
0,1,1
0,1,1
1,1,1
0,1,1
0,0,1
0,0,1
0,0,1
0,0,1
0,0,1
0,0,1
0,1,1
0,0,1
0,0,1
0,1,1
0,0,1
0,1,1
0,1,1
0,0,1
0,0,1
0,0,1
0,0,1
0,1,1
1,0,1
0,0,1
0,1,1
0,1,1
0,0,1
0,1,1
0,1,1
0,1,1
0,1,1
0,0,1
0,0,1
0,1,1
0,0,1
0,0,1
0,1,1
0,1,1
1,0,1
0,0,1
0,1,1
0,1,1
0,1,1
0,1,1
0,1,1
0,0,1
0,1,1
0,0,1
0,1,1
0,1,1
0,1,1
0,0,1
0,1,1
0,1,1
0,0,1
0,1,1
0,0,1
1,1,1
0,0,1
0,1,1
0,0,1
0,0,1
0,0,1
0,1,1
0,1,1
1,0,1
0,1,1
0,1,1
0,1,1
0,1,1
0,0,1
0,1,1
0,1,1
0,0,1
1,1,1
0,0,1
0,0,1
0,1,1
0,0,1
0,1,1
0,0,1
0,1,1
0,1,1
0,0,1
1,0,1
0,0,1
0,0,1
0,1,1
0,1,1
0,1,1
0,0,1
0,1,1
0,0,1
0,0,1
0,0,1
0,0,1
0,0,1
0,0,1
0,1,1
0,1,1
0,0,1
1,0,1
0,1,1
0,1,1
0,0,1
0,1,1
0,1,1
0,0,1
0,0,1
0,1,1
0,1,1
0,1,1
0,0,1
0,1,1
0,0,1
0,1,1
0,0,1
0,1,1
0,1,1
0,0,1
0,1,1
0,1,1
0,0,1
0,1,1
0,0,1
0,0,1
0,0,1
0,1,1
0,1,1
0,1,1
0,1,1
0,0,1
0,0,1
0,1,1
0,1,1
0,0,1
0,0,1
0,0,1
0,0,1
0,0,1
0,1,1
0,0,1
1,0,1
0,0,1
0,1,1
0,0,1
0,1,1
0,1,1
0,0,1
0,0,1
0,0,1
0,1,1
0,0,1
0,1,1
0,0,1
0,0,1
0,1,1
1,0,1
0,0,1
0,1,1
0,0,1
1,1,1
0,0,1
0,1,1
0,0,1
0,1,1
0,0,1
0,0,1
0,0,1
0,1,1
0,0,1
1,0,1
0,1,1
0,1,1
0,1,1
0,1,1
0,1,1
0,1,1
0,1,1
0,0,1
0,0,1
0,0,1
0,0,1
1,0,1
0,0,1
0,1,1
0,0,1
0,1,1
0,0,1
0,1,1
0,0,1
0,0,1
0,0,1
0,1,1
0,1,1
1,1,1
0,0,1
0,1,1
0,0,1
0,1,1
0,0,1
0,1,1
1,0,1
0,0,1
1,0,1
0,1,1
0,1,1
0,0,1
0,1,1
0,1,1
0,1,1
0,1,1
0,0,1
0,0,1
0,1,1
0,0,1
0,0,1
0,1,1
0,0,1
0,1,1
1,0,1
0,0,1
0,1,1
0,0,1
0,0,1
0,0,1
0,0,1
1,0,1
0,0,1
0,1,1
0,1,1
0,1,1
0,0,1
0,0,1
1,0,1
1,1,1
0,0,1
0,1,1
0,1,1
0,1,1
0,0,1
0,0,1
0,1,1
0,1,1
0,0,1
0,1,1
0,1,1
0,1,1
1,0,1
0,1,1
0,1,1
0,0,1
0,1,1
0,1,1
0,1,1
0,1,1
0,1,1
0,0,1
0,0,1
0,1,1
0,0,1
0,0,1
0,0,1
0,0,1
0,0,1
0,0,1
0,1,1
0,1,1
0,0,1
0,1,1
0,1,1
0,1,1
1,1,1
0,1,1
0,0,1
0,0,1
0,1,1
0,1,1
0,1,1
0,1,1
0,1,1
1,0,1
0,1,1
0,0,1
0,1,1
0,0,1
1,0,1
0,1,1
0,0,1
0,0,1
0,0,1
0,1,1
0,0,1
0,1,1
0,1,1
0,1,1
0,0,1
0,1,1
0,0,1
1,1,1
0,1,1
1,0,1
0,0,1
0,0,1
0,1,1
0,1,1
0,1,1
0,0,1
0,1,1
0,1,1
0,0,1
0,1,1
0,0,1
0,1,1
0,0,1
0,0,1
0,1,1
1,1,1
0,1,1
0,1,1
0,1,1
0,0,1
0,0,1
0,1,1
0,0,1
0,0,1
0,1,1
0,0,1
0,1,1
0,1,1
0,1,1
0,1,1
1,0,1
1,1,1
0,0,1
0,1,1
0,1,1
0,1,1
0,0,1
0,0,1
0,1,1
0,0,1
0,0,1
0,0,1
0,0,1
0,1,1
0,1,1
0,1,1
1,0,1
0,1,1
0,1,1
0,1,1
0,0,1
0,0,1
0,1,1
0,1,1
0,1,1
0,1,1
1,1,1
0,0,1
0,1,1
0,0,1
0,0,1
0,0,1
0,0,1
0,1,1
0,0,1
0,0,1
0,1,1
0,1,1
0,0,1
0,1,1
0,1,1
0,0,1
0,0,1
0,1,1
1,1,1
0,1,1
0,0,1
0,1,1
0,0,1
0,1,1
1,0,1
0,1,1
1,0,1
0,1,1
0,0,1
0,0,1
1,0,1
0,1,1
0,0,1
0,0,1
0,0,1
0,0,1
1,0,1
0,0,1
0,0,1
0,1,1
0,0,1
0,1,1
0,0,1
0,1,1
0,1,1
0,1,1
0,0,1
0,1,1
0,1,1
0,0,1
0,1,1
0,0,1
0,0,1
1,0,1
0,1,1
0,0,1
0,1,1
0,1,1
0,0,1
0,0,1
0,1,1
0,0,1
0,1,1
0,0,1
0,0,1
0,0,1
0,1,1
0,0,1
1,0,1
0,1,1
0,1,1
0,0,1
0,1,1
0,1,1
0,0,1
1,0,1
1,1,1
0,1,1
0,0,1
0,1,1
0,1,1
0,0,1
0,0,1
0,0,1
0,0,1
0,1,1
0,0,1
0,1,1
0,0,1
0,0,1
0,1,1
0,1,1
0,0,1
0,0,1
0,0,1
0,1,1
0,0,1
0,1,1
0,0,1
0,1,1
0,1,1
0,0,1
0,1,1
0,1,1
0,1,1
0,0,1
0,0,1
0,1,1
0,0,1
0,0,1
0,1,1
0,1,1
0,1,1
0,0,1
1,0,1
0,0,1
0,1,1
0,1,1
0,0,1
0,0,1
0,1,1
0,1,1
0,0,1
0,0,1
0,1,1
0,0,1
1,1,1
0,1,1
0,1,1
0,0,1
0,0,1
0,0,1
0,1,1
0,1,1
1,1,1
0,1,1
0,1,1
0,0,1
0,0,1
0,1,1
0,0,1
0,1,1
0,1,1
0,1,1
0,0,1
0,1,1
0,1,1
0,1,1
0,1,1
0,1,1
0,0,1
0,1,1
0,0,1
0,1,1
0,1,1
1,1,1
0,1,1
0,1,1
0,1,1
0,1,1
0,1,1
0,0,1
0,0,1
0,0,1
0,0,1
0,1,1
0,1,1
0,0,1
0,0,1
0,1,1
0,0,1
0,1,1
0,1,1
1,1,1
0,1,1
0,0,1
0,0,1
0,1,1
0,0,1
0,1,1
0,0,1
0,0,1
0,0,1
0,0,1
0,0,1
0,1,1
0,0,1
0,0,1
0,1,1
0,0,1
0,0,1
0,0,1
0,0,1
0,1,1
0,0,1
0,0,1
0,0,1
0,1,1
0,0,1
0,0,1
0,1,1
0,1,1
0,0,1
0,0,1
0,0,1
0,0,1
0,0,1
0,0,1
1,1,1
0,1,1
1,0,1
0,0,1
0,0,1
0,1,1
0,0,1
0,0,1
0,0,1
1,1,1
0,0,1
0,0,1
0,1,1
0,1,1
0,0,1
0,1,1
0,1,1
0,0,1
0,1,1
0,1,1
0,1,1
0,0,1
0,1,1
0,0,1
0,0,1
0,1,1
0,1,1
0,1,1
0,0,1
0,0,1
0,0,1
0,1,1
0,0,1
0,1,1
1,0,1
0,1,1
0,1,1
0,0,1
0,0,1
0,0,1
0,0,1
0,0,1
0,0,1
0,0,1
0,1,1
0,1,1
0,1,1
0,0,1
1,0,1
0,0,1
0,1,1
0,1,1
0,1,1
0,1,1
0,0,1
0,0,1
0,0,1
0,0,1
0,1,1
0,0,1
0,1,1
0,1,1
0,0,1
0,1,1
0,1,1
0,1,1
0,0,1
1,0,1
0,0,1
0,1,1
0,1,1
0,0,1
0,0,1
0,0,1
0,0,1
0,0,1
0,1,1
0,1,1
0,1,1
0,1,1
0,1,1
0,1,1
0,0,1
0,0,1
0,1,1
0,0,1
0,1,1
0,0,1
0,0,1
0,0,1
0,0,1
0,0,1
0,0,1
0,1,1
0,0,1
0,0,1
0,1,1
0,0,1
0,1,1
0,1,1
0,0,1
0,1,1
1,0,1
0,1,1
0,1,1
0,0,1
0,1,1
0,0,1
0,0,1
0,0,1
0,1,1
1,0,1
0,1,1
0,1,1
0,1,1
0,0,1
0,0,1
0,1,1
0,1,1
0,0,1
0,0,1
0,0,1
0,1,1
0,1,1
0,0,1
0,0,1
0,1,1
0,0,1
0,0,1
0,0,1
0,0,1
0,0,1
0,0,1
0,1,1
0,1,1
0,0,1
0,0,1
0,1,1
0,1,1
1,1,1
0,1,1
0,0,1
0,1,1
0,1,1
0,1,1
0,0,1
0,0,1
0,1,1
0,0,1
0,0,1
0,1,1
0,1,1
0,0,1
1,0,1
1,0,1
0,1,1
0,0,1
0,1,1
0,0,1
0,1,1
1,1,1
0,0,1
0,0,1
0,0,1
0,0,1
0,0,1
1,0,1
0,1,1
0,0,1
0,1,1
0,1,1
0,0,1
0,1,1
0,0,1
0,1,1
0,1,1
0,0,1
0,1,1
0,0,1
0,0,1
0,0,1
0,1,1
0,1,1
0,1,1
0,0,1
0,1,1
0,1,1
0,0,1
0,0,1
1,1,1
0,0,1
0,1,1
0,0,1
0,0,1
0,1,1
0,0,1
0,0,1
0,0,1
0,1,1
0,0,1
0,0,1
0,0,1
1,1,1
0,0,1
0,0,1
1,1,1
0,1,1
0,0,1
0,1,1
0,0,1
0,1,1
0,0,1
0,1,1
1,0,1
0,1,1
0,0,1
0,1,1
0,0,1
0,0,1
0,1,1
1,0,1
1,1,1
0,1,1
0,1,1
0,1,1
0,0,1
0,1,1
0,1,1
0,1,1
0,0,1
0,0,1
0,0,1
0,1,1
0,0,1
0,0,1
0,1,1
0,1,1
0,0,1
0,1,1
0,1,1
0,0,1
1,0,1
0,1,1
0,0,1
0,1,1
0,1,1
1,1,1
0,1,1
0,1,1
0,0,1
0,0,1
0,1,1
0,0,1
0,0,1
0,1,1
0,1,1
0,0,1
0,1,1
0,0,1
0,0,1
0,0,1
0,0,1
0,1,1
1,0,1
0,1,1
0,1,1
0,1,1
0,1,1
0,0,1
1,0,1
0,1,1
1,1,1
0,0,1
0,0,1
0,1,1
0,1,1
0,1,1
0,1,1
0,1,1
0,1,1
0,0,1
0,1,1
0,1,1
0,1,1
0,1,1
0,1,1
1,1,1
0,1,1
0,0,1
0,1,1
1,0,1
0,0,1
0,1,1
0,1,1
0,1,1
0,0,1
0,1,1
1,0,1
1,0,1
0,1,1
0,1,1
0,0,1
0,0,1
0,1,1
0,1,1
0,1,1
0,0,1
0,0,1
0,1,1
0,1,1
0,0,1
0,1,1
0,1,1
0,1,1
1,0,1
0,0,1
0,0,1
1,1,1
0,0,1
1,1,1
0,0,1
0,1,1
0,0,1
0,1,1
0,1,1
0,1,1
0,1,1
0,0,1
0,1,1
0,1,1
0,0,1
0,1,1
0,1,1
0,1,1
0,1,1
0,1,1
0,0,1
0,1,1
1,0,1
0,0,1
0,0,1
0,0,1
0,0,1
0,0,1
0,0,1
0,1,1
0,0,1
0,1,1
0,1,1
0,0,1
0,0,1
0,1,1
0,0,1
0,0,1
0,0,1
0,0,1
0,0,1
0,1,1
0,1,1
0,1,1
0,0,1
0,0,1
1,0,1
0,0,1
0,1,1
0,1,1
0,0,1
0,1,1
0,0,1
1,0,1
0,1,1
0,1,1
0,1,1
0,0,1
0,1,1
0,0,1
0,0,1
0,0,1
0,1,1
0,1,1
0,0,1
0,0,1
0,0,1
0,0,1
0,1,1
0,0,1
0,0,1
0,0,1
0,0,1
0,0,1
0,0,1
0,1,1
0,1,1
0,1,1
0,1,1
0,1,1
0,0,1
0,0,1
0,1,1
0,0,1
0,0,1
0,0,1
0,1,1
0,1,1
0,1,1
0,0,1
0,1,1
1,0,1
0,0,1
0,0,1
0,1,1
0,1,1
0,0,1
0,0,1
0,0,1
0,1,1
0,1,1
0,1,1
1,0,1
0,1,1
1,1,1
0,1,1
0,0,1
0,0,1
0,0,1
0,1,1
0,1,1
0,0,1
0,0,1
0,1,1
0,1,1
0,0,1
0,1,1
0,0,1
0,0,1
0,0,1
0,1,1
0,0,1
0,0,1
0,0,1
1,0,1
0,1,1
0,1,1
0,0,1
0,0,1
0,1,1
0,0,1
0,1,1
0,1,1
0,0,1
0,1,1
0,1,1
0,0,1
0,0,1
0,0,1
0,0,1
0,0,1
0,0,1
0,1,1
0,1,1
0,1,1
0,1,1
0,0,1
0,1,1
0,1,1
0,1,1
0,0,1
0,0,1
0,1,1
0,1,1
0,1,1
0,1,1
0,1,1
0,0,1
0,1,1
0,0,1
0,0,1
0,1,1
0,0,1
0,1,1
0,0,1
0,0,1
0,1,1
0,1,1
0,1,1
0,1,1
0,1,1
0,1,1
0,1,1
0,0,1
0,1,1
0,0,1
0,0,1
0,1,1
0,0,1
0,0,1
0,0,1
0,1,1
0,1,1
0,0,1
0,0,1
0,1,1
1,1,1
0,1,1
0,0,1
0,1,1
0,1,1
0,0,1
0,1,1
0,1,1
0,1,1
0,0,1
0,1,1
0,1,1
0,1,1
0,1,1
0,0,1
0,0,1
0,1,1
0,0,1
0,0,1
0,1,1
0,0,1
0,0,1
0,0,1
0,0,1
0,1,1
0,1,1
0,0,1
0,0,1
1,1,1
0,1,1
0,0,1
1,0,1
0,1,1
0,0,1
0,1,1
0,0,1
0,0,1
0,0,1
0,0,1
0,0,1
0,1,1
0,1,1
0,1,1
0,1,1
0,0,1
0,1,1
0,0,1
0,0,1
0,0,1
0,0,1
0,0,1
0,0,1
0,1,1
0,0,1
0,0,1
0,1,1
0,0,1
0,0,1
0,0,1
0,0,1
0,1,1
0,1,1
0,1,1
0,1,1
0,0,1
0,0,1
0,0,1
0,0,1
0,1,1
0,0,1
0,1,1
0,0,1
0,0,1
0,1,1
0,1,1
0,1,1
0,0,1
0,1,1
0,1,1
0,0,1
0,1,1
0,1,1
0,0,1
0,0,1
0,1,1
1,0,1
0,0,1
0,1,1
0,1,1
0,1,1
0,0,1
0,1,1
0,0,1
0,0,1
0,1,1
0,0,1
0,0,1
0,0,1
0,1,1
0,0,1
0,0,1
0,0,1
0,0,1
0,0,1
0,0,1
0,0,1
0,1,1
0,1,1
0,0,1
0,1,1
1,1,1
0,0,1
0,0,1
0,1,1
0,0,1
0,1,1
0,1,1
0,1,1
0,0,1
0,1,1
0,0,1
0,0,1
0,1,1
0,1,1
0,1,1
0,0,1
1,1,1
0,0,1
0,1,1
0,0,1
0,1,1
0,1,1
1,1,1
0,0,1
0,1,1
0,0,1
0,1,1
1,0,1
0,1,1
0,1,1
1,0,1
0,0,1
0,1,1
0,0,1
1,0,1
0,1,1
0,1,1
0,0,1
0,0,1
0,0,1
0,0,1
0,1,1
0,0,1
0,1,1
0,1,1
0,1,1
0,0,1
0,0,1
0,1,1
0,0,1
0,1,1
0,0,1
0,0,1
0,0,1
0,0,1
0,0,1
0,1,1
0,1,1
0,0,1
0,0,1
0,0,1
0,0,1
0,0,1
0,0,1
0,1,1
0,0,1
0,1,1
0,1,1
0,0,1
0,1,1
0,1,1
0,0,1
0,1,1
0,1,1
0,1,1
0,1,1
0,0,1
0,1,1
0,1,1
0,1,1
0,1,1
0,1,1
0,1,1
0,0,1
0,1,1
0,0,1
1,0,1
0,1,1
0,0,1
0,0,1
0,0,1
0,1,1
0,0,1
0,0,1
0,0,1
1,0,1
0,0,1
0,1,1
0,0,1
0,0,1
1,0,1
0,1,1
0,1,1
0,1,1
0,1,1
0,0,1
0,1,1
0,0,1
0,0,1
0,0,1
0,0,1
0,1,1
0,1,1
0,0,1
0,0,1
0,0,1
0,1,1
0,0,1
0,1,1
0,0,1
0,1,1
0,0,1
0,1,1
0,1,1
0,1,1
0,0,1
1,0,1
0,1,1
1,0,1
1,0,1
0,1,1
0,0,1
0,1,1
0,0,1
0,1,1
0,0,1
0,1,1
0,0,1
1,0,1
0,0,1
0,0,1
0,1,1
0,1,1
0,1,1
0,1,1
0,0,1
0,0,1
0,1,1
0,0,1
0,1,1
0,1,1
0,1,1
0,1,1
0,0,1
0,0,1
0,1,1
0,1,1
0,0,1
0,0,1
0,1,1
0,0,1
0,1,1
1,0,1
0,1,1
0,0,1
0,0,1
0,1,1
0,0,1
0,1,1
0,0,1
0,0,1
0,1,1
0,1,1
0,1,1
0,1,1
0,0,1
0,0,1
0,1,1
0,1,1
0,1,1
0,1,1
0,1,1
0,1,1
0,0,1
0,1,1
0,0,1
0,1,1
0,1,1
0,1,1
0,1,1
0,1,1
0,1,1
0,0,1
0,1,1
0,0,1
0,0,1
0,0,1
1,1,1
0,1,1
0,1,1
0,0,1
0,1,1
0,0,1
0,0,1
0,1,1
0,0,1
0,1,1
0,1,1
0,1,1
0,1,1
0,1,1
0,0,1
0,0,1
0,0,1
0,0,1
0,0,1
0,1,1
0,0,1
0,0,1
0,0,1
0,1,1
0,1,1
0,0,1
0,0,1
0,0,1
0,0,1
0,1,1
0,1,1
0,1,1
0,1,1
0,1,1
0,1,1
0,0,1
0,0,1
0,1,1
0,1,1
0,0,1
0,0,1
1,0,1
0,1,1
0,1,1
0,0,1
0,1,1
0,0,1
0,1,1
0,0,1
0,0,1
0,0,1
0,1,1
0,0,1
0,0,1
0,0,1
0,1,1
0,0,1
0,0,1
0,1,1
0,0,1
0,1,1
0,0,1
0,0,1
0,1,1
0,1,1
0,1,1
0,1,1
0,1,1
0,0,1
0,1,1
0,1,1
0,0,1
0,1,1
0,1,1
0,0,1
0,1,1
0,0,1
0,1,1
0,1,1
0,0,1
0,0,1
0,1,1
0,0,1
0,0,1
0,1,1
0,1,1
0,0,1
0,0,1
0,1,1
1,1,1
0,1,1
1,1,1
0,0,1
0,1,1
0,0,1
0,0,1
0,1,1
0,0,1
0,0,1
0,1,1
0,0,1
0,1,1
0,0,1
0,1,1
0,1,1
0,1,1
0,0,1
0,1,1
0,0,1
0,0,1
0,0,1
0,0,1
0,1,1
0,0,1
0,1,1
0,1,1
0,1,1
0,0,1
0,0,1
0,0,1
0,0,1
0,0,1
0,0,1
0,0,1
0,0,1
0,1,1
0,1,1
0,0,1
0,0,1
0,1,1
0,1,1
0,0,1
0,1,1
1,0,1
0,0,1
0,0,1
0,0,1
0,0,1
0,1,1
0,1,1
0,1,1
0,1,1
0,1,1
0,0,1
0,0,1
0,1,1
0,0,1
0,0,1
0,0,1
0,1,1
0,0,1
0,1,1
0,0,1
0,0,1
1,0,1
0,0,1
0,1,1
0,0,1
0,1,1
0,0,1
0,0,1
0,1,1
0,0,1
0,0,1
0,1,1
0,1,1
0,1,1
0,1,1
0,1,1
0,0,1
0,0,1
0,0,1
0,1,1
0,1,1
0,1,1
0,0,1
0,0,1
0,0,1
0,0,1
0,0,1
0,0,1
1,1,1
0,0,1
0,1,1
1,0,1
0,0,1
0,0,1
0,0,1
0,0,1
0,1,1
0,0,1
0,0,1
0,1,1
0,1,1
0,0,1
1,0,1
1,0,1
0,0,1
0,0,1
1,0,1
0,1,1
0,0,1
0,1,1
0,1,1
0,0,1
0,1,1
0,0,1
0,0,1
0,1,1
1,0,1
0,1,1
0,0,1
0,1,1
0,1,1
0,1,1
0,0,1
0,1,1
0,0,1
0,1,1
0,0,1
0,1,1
0,0,1
0,0,1
0,0,1
0,0,1
0,1,1
0,0,1
0,1,1
0,0,1
0,0,1
0,0,1
0,1,1
0,0,1
0,0,1
1,1,1
0,1,1
0,1,1
0,0,1
0,0,1
0,0,1
0,1,1
0,1,1
0,1,1
0,0,1
0,1,1
0,0,1
0,0,1
0,1,1
0,0,1
0,0,1
0,0,1
0,0,1
0,0,1
0,1,1
0,1,1
0,0,1
0,0,1
0,1,1
0,1,1
0,0,1
0,0,1
0,0,1
0,0,1
0,1,1
0,0,1
0,0,1
0,1,1
0,0,1
0,0,1
0,0,1
0,1,1
0,0,1
0,0,1
0,0,1
0,1,1
0,1,1
1,0,1
0,0,1
0,0,1
0,0,1
0,0,1
0,0,1
0,1,1
0,0,1
0,1,1
0,1,1
0,0,1
0,1,1
0,0,1
1,0,1
0,0,1
0,1,1
0,1,1
0,1,1
0,1,1
0,0,1
0,0,1
0,1,1
0,0,1
0,1,1
0,0,1
0,1,1
0,0,1
0,1,1
0,1,1
0,1,1
0,0,1
0,1,1
0,1,1
0,1,1
0,0,1
0,0,1
0,0,1
0,1,1
0,0,1
0,0,1
0,1,1
0,1,1
0,0,1
0,0,1
0,1,1
0,1,1
0,1,1
0,1,1
0,1,1
0,1,1
0,1,1
0,1,1
0,0,1
0,0,1
0,1,1
0,0,1
0,0,1
0,0,1
0,1,1
0,1,1
0,0,1
0,1,1
0,0,1
0,0,1
0,0,1
0,0,1
0,1,1
0,1,1
0,1,1
0,0,1
0,1,1
0,0,1
0,1,1
0,1,1
0,0,1
0,1,1
0,1,1
0,0,1
0,1,1
1,0,1
0,1,1
0,1,1
0,0,1
0,1,1
0,1,1
0,0,1
0,1,1
0,1,1
0,0,1
0,1,1
0,0,1
0,0,1
0,1,1
0,0,1
0,1,1
0,1,1
0,1,1
0,0,1
0,0,1
0,1,1
0,0,1
0,1,1
0,1,1
0,1,1
0,1,1
1,1,1
0,0,1
1,1,1
0,1,1
0,0,1
0,0,1
0,1,1
1,0,1
0,1,1
0,1,1
0,0,1
0,1,1
0,1,1
0,0,1
0,0,1
0,0,1
0,1,1
0,1,1
0,0,1
0,1,1
0,0,1
1,0,1
0,0,1
0,1,1
0,1,1
0,1,1
0,1,1
0,1,1
0,1,1
1,1,1
0,0,1
0,0,1
0,0,1
0,1,1
0,1,1
0,0,1
0,0,1
0,1,1
0,0,1
0,0,1
0,0,1
0,0,1
0,1,1
0,1,1
0,0,1
1,0,1
0,0,1
0,0,1
0,0,1
1,0,1
0,0,1
0,1,1
0,0,1
0,1,1
0,0,1
0,0,1
0,0,1
0,0,1
0,1,1
0,1,1
0,1,1
0,1,1
0,1,1
0,0,1
0,1,1
0,0,1
0,0,1
0,0,1
0,0,1
0,0,1
0,0,1
0,1,1
0,0,1
0,0,1
0,0,1
0,1,1
0,0,1
0,0,1
0,1,1
0,1,1
0,1,1
0,1,1
0,0,1
0,0,1
0,1,1
0,1,1
0,0,1
0,0,1
0,1,1
0,1,1
1,0,1
0,1,1
0,1,1
0,0,1
0,1,1
0,1,1
0,1,1
0,1,1
0,0,1
0,1,1
0,1,1
0,0,1
0,1,1
0,1,1
0,0,1
0,1,1
0,1,1
0,1,1
0,1,1
0,0,1
0,1,1
0,1,1
0,0,1
0,1,1
0,0,1
0,1,1
0,0,1
0,1,1
0,0,1
0,0,1
0,0,1
0,1,1
1,0,1
0,1,1
0,1,1
0,1,1
0,1,1
0,1,1
0,0,1
0,1,1
0,0,1
0,1,1
0,0,1
0,1,1
0,1,1
1,0,1
0,0,1
0,0,1
0,0,1
0,1,1
1,0,1
0,0,1
0,0,1
0,1,1
0,1,1
0,0,1
0,1,1
0,1,1
0,1,1
0,1,1
0,1,1
0,0,1
0,0,1
0,1,1
0,1,1
0,0,1
0,1,1
0,1,1
0,0,1
0,0,1
0,0,1
0,0,1
0,1,1
0,1,1
0,0,1
0,0,1
1,0,1
0,1,1
0,1,1
0,1,1
0,0,1
0,1,1
0,1,1
0,0,1
0,1,1
0,1,1
0,0,1
1,1,1
0,0,1
0,0,1
0,0,1
0,1,1
0,1,1
0,1,1
0,1,1
0,1,1
0,1,1
0,0,1
0,1,1
0,1,1
0,1,1
0,0,1
0,1,1
0,0,1
0,0,1
0,1,1
0,1,1
0,1,1
0,1,1
1,0,1
0,1,1
0,0,1
0,0,1
0,1,1
0,1,1
0,1,1
0,0,1
0,1,1
0,1,1
0,1,1
0,1,1
0,1,1
0,1,1
1,1,1
0,1,1
0,1,1
0,0,1
0,1,1
0,0,1
0,1,1
0,0,1
0,0,1
0,0,1
0,0,1
0,0,1
0,0,1
0,0,1
0,0,1
1,0,1
0,1,1
1,1,1
0,0,1
1,1,1
0,1,1
0,0,1
0,0,1
0,0,1
0,1,1
0,0,1
0,0,1
0,1,1
0,1,1
0,0,1
0,0,1
0,0,1
0,1,1
0,0,1
0,1,1
0,0,1
0,1,1
0,0,1
0,0,1
0,0,1
0,1,1
0,1,1
0,1,1
0,1,1
0,1,1
0,1,1
0,1,1
0,1,1
0,0,1
0,1,1
0,1,1
0,0,1
0,1,1
0,1,1
1,0,1
0,0,1
0,1,1
0,1,1
0,0,1
0,0,1
0,1,1
0,0,1
1,0,1
0,1,1
1,1,1
0,1,1
0,0,1
0,0,1
0,0,1
0,1,1
0,0,1
0,1,1
0,0,1
0,0,1
0,1,1
0,1,1
0,0,1
0,1,1
0,0,1
0,0,1
0,0,1
0,1,1
0,0,1
0,0,1
0,1,1
0,1,1
0,1,1
0,1,1
0,0,1
0,1,1
0,1,1
0,1,1
0,1,1
0,0,1
0,1,1
0,1,1
0,0,1
0,0,1
0,1,1
0,1,1
0,1,1
0,1,1
0,1,1
0,0,1
0,0,1
0,1,1
0,1,1
0,0,1
0,1,1
0,0,1
0,1,1
1,1,1
0,0,1
0,1,1
1,0,1
0,0,1
0,1,1
0,0,1
0,1,1
0,1,1
0,1,1
0,0,1
0,0,1
0,1,1
0,0,1
0,0,1
0,0,1
0,0,1
0,1,1
1,1,1
0,1,1
0,0,1
0,1,1
0,1,1
0,1,1
0,0,1
0,0,1
1,0,1
0,1,1
0,1,1
0,0,1
0,0,1
0,0,1
1,1,1
0,0,1
0,1,1
1,1,1
0,1,1
0,0,1
0,1,1
0,1,1
0,0,1
0,0,1
0,0,1
0,0,1
0,0,1
0,1,1
0,0,1
0,0,1
0,0,1
0,1,1
0,1,1
0,1,1
0,1,1
0,1,1
0,0,1
0,0,1
0,0,1
0,0,1
0,1,1
0,1,1
0,0,1
0,0,1
0,0,1
0,0,1
0,1,1
0,0,1
0,1,1
0,0,1
0,1,1
0,0,1
0,1,1
0,1,1
0,1,1
0,0,1
0,1,1
0,0,1
0,1,1
0,1,1
0,0,1
0,1,1
0,0,1
0,0,1
0,0,1
0,1,1
0,1,1
0,0,1
0,0,1
0,1,1
0,0,1
0,1,1
0,0,1
1,1,1
0,0,1
0,1,1
0,1,1
1,1,1
0,1,1
0,1,1
0,0,1
0,1,1
0,1,1
0,1,1
0,0,1
0,0,1
0,0,1
0,1,1
0,1,1
0,0,1
0,0,1
0,0,1
0,0,1
0,1,1
0,0,1
0,1,1
0,1,1
0,0,1
0,0,1
0,1,1
0,0,1
0,1,1
0,1,1
0,0,1
0,1,1
0,0,1
0,1,1
0,1,1
0,0,1
0,1,1
0,1,1
1,0,1
0,1,1
0,1,1
0,1,1
0,0,1
0,0,1
0,0,1
0,0,1
0,1,1
0,1,1
0,0,1
0,0,1
0,1,1
0,1,1
1,0,1
1,1,1
0,0,1
0,1,1
0,1,1
0,0,1
0,0,1
0,0,1
0,0,1
0,0,1
0,0,1
0,0,1
0,1,1
0,0,1
0,1,1
0,0,1
0,1,1
0,1,1
0,0,1
0,0,1
0,0,1
0,0,1
0,1,1
1,0,1
0,0,1
0,0,1
0,0,1
0,1,1
0,1,1
0,1,1
0,0,1
0,0,1
0,1,1
1,0,1
0,0,1
0,0,1
0,1,1
0,1,1
0,1,1
0,0,1
0,1,1
0,0,1
0,1,1
0,1,1
0,0,1
0,1,1
0,0,1
0,1,1
0,1,1
0,0,1
0,0,1
0,0,1
0,0,1
0,0,1
0,1,1
0,1,1
0,0,1
0,0,1
0,0,1
0,1,1
0,1,1
0,0,1
0,1,1
0,0,1
0,0,1
0,0,1
0,1,1
0,1,1
0,0,1
0,1,1
0,1,1
0,1,1
0,0,1
0,0,1
0,1,1
0,0,1
0,0,1
1,0,1
0,1,1
0,0,1
0,0,1
0,1,1
0,0,1
0,1,1
0,1,1
0,1,1
0,1,1
0,0,1
0,0,1
0,1,1
0,1,1
0,0,1
0,1,1
1,1,1
1,0,1
0,1,1
0,0,1
1,0,1
0,1,1
1,0,1
0,0,1
0,1,1
0,1,1
0,1,1
0,1,1
0,0,1
0,1,1
0,0,1
0,0,1
0,0,1
0,0,1
0,1,1
0,1,1
0,0,1
0,0,1
0,0,1
0,0,1
0,0,1
0,1,1
0,1,1
0,0,1
0,1,1
0,1,1
0,0,1
0,1,1
0,0,1
0,1,1
0,1,1
0,0,1
0,0,1
0,1,1
0,1,1
1,0,1
0,1,1
0,1,1
0,0,1
0,0,1
0,0,1
0,1,1
0,1,1
0,1,1
0,1,1
0,0,1
0,1,1
0,0,1
0,0,1
0,0,1
0,1,1
0,0,1
0,0,1
0,1,1
0,1,1
0,1,1
0,0,1
0,0,1
0,0,1
0,0,1
0,1,1
0,0,1
1,0,1
0,0,1
0,0,1
0,1,1
0,1,1
0,0,1
0,0,1
0,1,1
0,1,1
0,1,1
0,1,1
0,1,1
0,1,1
0,1,1
0,1,1
0,0,1
0,1,1
0,1,1
0,0,1
0,1,1
0,0,1
0,1,1
1,1,1
0,0,1
0,0,1
0,1,1
0,1,1
0,0,1
0,0,1
0,0,1
0,0,1
0,0,1
0,1,1
0,1,1
0,1,1
0,1,1
0,1,1
0,1,1
0,0,1
0,1,1
0,1,1
0,1,1
0,0,1
0,0,1
0,0,1
0,1,1
0,1,1
0,0,1
0,1,1
0,1,1
0,1,1
0,1,1
1,0,1
0,1,1
0,1,1
0,0,1
0,0,1
0,1,1
1,1,1
0,1,1
0,1,1
0,1,1
0,0,1
0,1,1
0,0,1
0,0,1
0,1,1
0,1,1
0,1,1
0,1,1
0,0,1
0,0,1
0,0,1
0,0,1
0,0,1
0,0,1
0,0,1
0,1,1
0,1,1
0,0,1
0,1,1
0,0,1
0,1,1
0,0,1
0,0,1
0,1,1
0,1,1
0,1,1
0,1,1
0,0,1
0,1,1
1,0,1
0,0,1
0,0,1
0,0,1
0,0,1
1,0,1
0,1,1
0,0,1
0,1,1
0,1,1
0,1,1
0,0,1
0,1,1
0,1,1
0,0,1
0,1,1
0,1,1
0,1,1
0,1,1
0,0,1
0,1,1
1,1,1
0,1,1
0,0,1
0,1,1
0,1,1
0,1,1
0,0,1
0,0,1
0,0,1
0,1,1
0,1,1
0,1,1
0,0,1
0,1,1
0,1,1
0,1,1
0,1,1
0,0,1
0,0,1
0,0,1
1,1,1
0,0,1
0,1,1
0,1,1
0,1,1
1,0,1
1,1,1
0,0,1
0,1,1
0,1,1
1,0,1
0,1,1
0,0,1
0,1,1
0,0,1
0,1,1
0,1,1
0,1,1
0,0,1
0,1,1
0,0,1
0,0,1
0,1,1
0,1,1
0,0,1
0,0,1
0,0,1
0,1,1
0,0,1
0,1,1
0,1,1
0,0,1
0,0,1
0,1,1
0,1,1
0,0,1
1,1,1
0,1,1
0,1,1
0,0,1
0,0,1
0,0,1
0,0,1
0,0,1
0,0,1
0,1,1
0,0,1
0,1,1
0,1,1
0,0,1
0,1,1
0,1,1
0,0,1
0,1,1
1,1,1
0,0,1
0,0,1
0,1,1
1,0,1
0,1,1
0,0,1
0,0,1
0,0,1
0,0,1
0,1,1
0,0,1
0,0,1
0,1,1
1,0,1
0,0,1
0,1,1
0,0,1
1,0,1
0,1,1
0,1,1
0,0,1
0,1,1
1,0,1
0,0,1
0,0,1
0,0,1
0,0,1
0,1,1
0,1,1
0,1,1
0,1,1
0,1,1
0,0,1
0,1,1
0,0,1
0,1,1
0,1,1
0,1,1
1,1,1
0,1,1
0,1,1
0,1,1
0,1,1
0,0,1
0,1,1
0,0,1
0,0,1
0,1,1
0,0,1
0,1,1
0,0,1
0,1,1
1,0,1
0,1,1
0,0,1
0,1,1
0,0,1
0,1,1
0,1,1
0,1,1
0,0,1
0,1,1
0,1,1
0,0,1
0,1,1
0,0,1
0,1,1
0,1,1
0,1,1
0,0,1
0,0,1
0,1,1
0,0,1
0,0,1
0,1,1
0,0,1
0,0,1
0,0,1
0,0,1
0,1,1
0,0,1
0,0,1
0,1,1
0,1,1
0,0,1
0,0,1
0,0,1
0,1,1
0,0,1
0,1,1
0,0,1
1,1,1
0,0,1
0,0,1
0,0,1
0,1,1
0,1,1
0,0,1
0,1,1
0,0,1
0,1,1
0,1,1
0,1,1
0,0,1
0,0,1
1,0,1
1,0,1
0,0,1
0,1,1
1,1,1
0,1,1
0,0,1
0,1,1
0,0,1
1,0,1
0,1,1
0,1,1
0,0,1
0,1,1
0,1,1
0,1,1
0,0,1
0,1,1
0,1,1
0,0,1
0,0,1
0,1,1
0,1,1
0,0,1
0,1,1
0,1,1
0,0,1
0,0,1
0,1,1
0,1,1
0,0,1
0,1,1
0,1,1
0,0,1
0,1,1
0,1,1
0,0,1
0,0,1
0,0,1
0,0,1
0,0,1
0,1,1
0,1,1
0,1,1
0,0,1
0,1,1
0,1,1
0,1,1
0,0,1
0,1,1
0,0,1
0,0,1
0,1,1
0,0,1
0,1,1
0,1,1
0,0,1
0,0,1
0,0,1
0,0,1
0,0,1
0,1,1
0,0,1
0,0,1
0,1,1
0,1,1
0,0,1
0,1,1
0,0,1
0,1,1
0,1,1
0,1,1
0,1,1
0,1,1
0,1,1
0,0,1
0,1,1
0,0,1
0,1,1
0,1,1
0,1,1
0,1,1
0,0,1
0,1,1
1,1,1
0,0,1
0,1,1
0,1,1
0,1,1
0,1,1
0,1,1
0,0,1
0,1,1
1,1,1
0,1,1
1,0,1
0,0,1
0,0,1
0,1,1
0,1,1
1,1,1
0,1,1
0,0,1
0,0,1
1,1,1
0,1,1
0,1,1
0,0,1
0,1,1
0,0,1
0,0,1
0,1,1
0,1,1
0,1,1
1,1,1
0,1,1
0,1,1
0,1,1
0,0,1
0,0,1
0,1,1
0,1,1
0,0,1
0,0,1
0,1,1
0,0,1
0,1,1
0,1,1
0,1,1
0,1,1
0,1,1
0,1,1
0,1,1
0,0,1
1,0,1
0,1,1
0,0,1
0,1,1
0,1,1
0,0,1
0,1,1
0,0,1
0,1,1
1,1,1
0,0,1
0,0,1
0,0,1
0,0,1
0,0,1
0,1,1
0,0,1
0,1,1
0,0,1
0,0,1
0,0,1
0,1,1
0,1,1
0,1,1
0,1,1
0,0,1
0,1,1
0,0,1
0,1,1
0,0,1
0,1,1
0,0,1
0,1,1
0,1,1
1,0,1
0,0,1
0,0,1
0,1,1
0,0,1
0,1,1
0,1,1
0,1,1
0,0,1
0,0,1
0,0,1
0,1,1
0,1,1
0,0,1
0,0,1
0,1,1
0,0,1
0,1,1
0,1,1
0,0,1
0,1,1
0,0,1
0,0,1
0,0,1
0,0,1
0,1,1
0,1,1
0,0,1
0,1,1
0,0,1
0,1,1
0,0,1
0,1,1
0,0,1
0,0,1
1,1,1
0,1,1
1,1,1
0,1,1
0,1,1
0,0,1
0,1,1
0,0,1
0,1,1
0,1,1
0,1,1
0,1,1
0,0,1
0,1,1
0,1,1
1,0,1
0,1,1
0,1,1
0,1,1
0,1,1
0,0,1
0,0,1
0,1,1
0,1,1
0,0,1
0,0,1
1,0,1
0,1,1
0,1,1
0,1,1
0,1,1
0,0,1
0,1,1
0,1,1
0,0,1
0,1,1
0,0,1
0,0,1
0,0,1
0,0,1
0,0,1
0,0,1
0,1,1
0,1,1
0,1,1
0,0,1
0,1,1
0,0,1
1,0,1
0,0,1
0,1,1
0,1,1
1,1,1
0,1,1
0,1,1
0,0,1
0,1,1
0,0,1
0,1,1
0,0,1
0,0,1
1,0,1
0,0,1
0,1,1
0,0,1
0,0,1
0,0,1
0,0,1
0,0,1
0,0,1
0,0,1
0,1,1
0,1,1
0,1,1
0,0,1
0,0,1
0,1,1
0,0,1
0,1,1
0,0,1
0,1,1
0,1,1
0,1,1
0,1,1
0,0,1
0,1,1
0,1,1
0,1,1
0,1,1
0,1,1
0,1,1
0,0,1
0,1,1
0,0,1
0,0,1
0,0,1
0,0,1
0,1,1
0,1,1
0,1,1
0,1,1
0,0,1
0,0,1
1,1,1
0,1,1
0,1,1
0,1,1
0,0,1
0,0,1
0,0,1
0,0,1
0,1,1
0,1,1
0,0,1
0,1,1
0,0,1
0,0,1
0,1,1
0,0,1
0,1,1
0,1,1
0,1,1
0,1,1
0,0,1
0,0,1
0,1,1
0,0,1
1,1,1
0,0,1
0,1,1
0,1,1
0,0,1
0,1,1
0,0,1
0,0,1
0,1,1
0,1,1
0,0,1
0,0,1
0,1,1
0,1,1
0,1,1
0,0,1
0,1,1
0,0,1
0,1,1
0,0,1
0,1,1
0,0,1
0,1,1
1,1,1
0,0,1
0,0,1
0,1,1
0,0,1
0,1,1
1,1,1
1,0,1
0,0,1
0,0,1
0,1,1
0,0,1
0,1,1
0,0,1
0,0,1
0,1,1
0,0,1
0,0,1
0,0,1
0,1,1
0,1,1
0,0,1
0,1,1
1,0,1
1,1,1
0,0,1
0,1,1
0,0,1
0,0,1
0,1,1
0,1,1
0,0,1
0,0,1
0,1,1
0,0,1
0,0,1
0,1,1
0,0,1
0,0,1
0,1,1
0,0,1
0,0,1
0,1,1
0,0,1
0,1,1
0,1,1
0,1,1
0,1,1
0,1,1
0,0,1
0,1,1
0,0,1
0,1,1
0,1,1
0,0,1
0,0,1
1,1,1
0,0,1
0,1,1
0,1,1
0,1,1
0,1,1
0,1,1
0,0,1
0,0,1
0,0,1
0,1,1
0,1,1
0,0,1
0,0,1
0,1,1
0,1,1
0,1,1
0,1,1
0,1,1
0,0,1
0,0,1
0,0,1
0,1,1
1,0,1
0,0,1
0,0,1
0,0,1
0,0,1
0,1,1
0,1,1
0,0,1
0,0,1
0,1,1
1,1,1
1,0,1
0,0,1
0,0,1
0,1,1
0,1,1
0,0,1
0,1,1
0,0,1
0,1,1
0,0,1
0,0,1
0,1,1
0,1,1
0,1,1
0,1,1
0,0,1
0,0,1
1,1,1
0,0,1
0,1,1
0,0,1
0,1,1
1,1,1
0,0,1
0,0,1
0,0,1
0,1,1
1,0,1
0,1,1
0,1,1
0,0,1
1,1,1
0,1,1
0,1,1
0,0,1
0,0,1
0,0,1
0,0,1
0,0,1
0,1,1
0,0,1
1,0,1
0,1,1
0,0,1
0,1,1
0,0,1
0,0,1
0,1,1
1,0,1
0,0,1
0,0,1
0,1,1
0,1,1
0,1,1
0,1,1
0,1,1
0,0,1
0,1,1
0,0,1
1,0,1
0,0,1
0,1,1
0,0,1
0,1,1
0,0,1
0,0,1
0,1,1
0,1,1
0,0,1
0,1,1
0,1,1
0,0,1
0,1,1
0,0,1
0,0,1
0,1,1
0,1,1
1,0,1
0,0,1
0,1,1
0,0,1
0,1,1
0,0,1
0,1,1
0,1,1
0,0,1
0,1,1
0,1,1
0,0,1
0,0,1
0,0,1
0,0,1
0,0,1
1,0,1
0,1,1
0,0,1
0,0,1
0,0,1
0,0,1
0,0,1
0,1,1
0,0,1
0,0,1
0,1,1
0,0,1
0,0,1
0,0,1
1,0,1
0,1,1
0,0,1
0,1,1
0,1,1
0,0,1
0,0,1
0,1,1
0,0,1
0,0,1
0,0,1
1,0,1
0,1,1
0,1,1
0,0,1
0,0,1
0,1,1
0,0,1
0,0,1
1,0,1
0,0,1
0,1,1
0,0,1
0,1,1
0,1,1
0,1,1
0,1,1
0,1,1
0,1,1
1,1,1
0,1,1
0,1,1
0,1,1
0,1,1
0,1,1
0,0,1
0,1,1
0,1,1
0,1,1
0,0,1
0,1,1
0,1,1
0,1,1
0,1,1
1,1,1
0,1,1
0,1,1
1,0,1
0,0,1
0,1,1
0,1,1
0,1,1
0,1,1
0,0,1
0,0,1
0,1,1
0,1,1
0,0,1
0,0,1
0,0,1
0,1,1
0,0,1
1,0,1
0,1,1
0,0,1
0,1,1
0,1,1
0,1,1
0,0,1
0,0,1
0,1,1
0,0,1
0,1,1
0,1,1
1,1,1
0,1,1
0,1,1
0,1,1
0,1,1
0,1,1
0,0,1
1,0,1
0,0,1
0,0,1
0,1,1
0,0,1
1,0,1
0,0,1
0,1,1
0,1,1
0,0,1
0,0,1
0,1,1
0,0,1
0,1,1
0,0,1
0,0,1
0,0,1
0,1,1
1,1,1
0,1,1
0,1,1
0,0,1
0,0,1
0,0,1
0,0,1
0,1,1
0,0,1
0,0,1
0,0,1
0,0,1
0,0,1
0,1,1
0,0,1
0,1,1
0,1,1
0,1,1
0,1,1
0,0,1
0,0,1
0,1,1
0,1,1
0,1,1
0,1,1
0,0,1
0,1,1
0,1,1
0,0,1
0,1,1
0,0,1
1,1,1
0,1,1
0,1,1
0,1,1
0,1,1
1,1,1
0,1,1
0,1,1
0,1,1
0,1,1
0,1,1
0,1,1
0,1,1
0,0,1
0,1,1
0,1,1
0,1,1
0,0,1
0,1,1
0,1,1
0,1,1
1,0,1
0,0,1
0,1,1
1,0,1
0,1,1
0,1,1
0,1,1
0,1,1
0,1,1
0,1,1
0,1,1
0,0,1
0,0,1
0,0,1
0,1,1
1,0,1
0,1,1
0,0,1
0,0,1
0,0,1
0,1,1
0,1,1
0,0,1
0,1,1
0,1,1
0,1,1
0,1,1
0,0,1
0,1,1
0,1,1
0,0,1
0,0,1
0,1,1
0,1,1
0,1,1
0,1,1
0,0,1
0,0,1
0,1,1
0,1,1
0,1,1
0,1,1
0,0,1
0,0,1
0,0,1
0,0,1
0,0,1
0,1,1
0,1,1
0,1,1
0,1,1
0,1,1
0,1,1
0,1,1
1,1,1
0,1,1
0,1,1
0,0,1
0,0,1
0,0,1
0,0,1
0,0,1
0,1,1
0,0,1
0,0,1
0,0,1
0,0,1
0,1,1
0,1,1
0,1,1
0,1,1
0,1,1
0,1,1
0,1,1
0,0,1
1,0,1
0,1,1
0,1,1
0,1,1
0,1,1
0,1,1
0,0,1
0,1,1
1,0,1
1,0,1
0,1,1
0,1,1
0,1,1
0,0,1
0,0,1
0,0,1
0,1,1
0,0,1
0,1,1
0,0,1
0,1,1
0,1,1
0,1,1
0,0,1
0,0,1
0,0,1
0,1,1
0,1,1
0,1,1
1,1,1
0,0,1
0,0,1
0,1,1
0,0,1
0,1,1
0,1,1
1,1,1
0,1,1
0,1,1
0,1,1
0,1,1
0,0,1
0,1,1
0,1,1
0,0,1
0,1,1
0,1,1
0,1,1
0,1,1
0,1,1
0,1,1
0,0,1
0,1,1
0,1,1
0,0,1
0,0,1
0,1,1
0,0,1
0,1,1
1,0,1
0,0,1
0,0,1
0,1,1
0,0,1
0,0,1
0,1,1
0,1,1
0,1,1
0,1,1
0,1,1
0,0,1
0,1,1
0,1,1
0,0,1
0,0,1
0,1,1
0,0,1
0,1,1
0,0,1
0,0,1
0,1,1
0,1,1
0,1,1
0,1,1
0,1,1
0,0,1
0,1,1
0,0,1
0,0,1
0,1,1
0,0,1
0,0,1
0,1,1
0,1,1
0,0,1
0,1,1
0,0,1
0,0,1
0,0,1
1,0,1
0,0,1
0,0,1
0,1,1
0,1,1
0,0,1
0,0,1
0,1,1
1,1,1
1,0,1
0,0,1
0,0,1
0,1,1
0,0,1
0,1,1
0,1,1
0,0,1
0,1,1
0,0,1
0,1,1
0,1,1
0,0,1
0,0,1
0,0,1
0,0,1
0,0,1
1,1,1
1,1,1
0,1,1
0,1,1
0,0,1
0,1,1
0,0,1
0,0,1
0,1,1
0,0,1
0,0,1
0,0,1
0,0,1
0,1,1
0,1,1
0,1,1
1,0,1
0,0,1
0,1,1
0,1,1
0,0,1
0,1,1
0,1,1
0,1,1
0,0,1
0,1,1
0,1,1
1,0,1
0,1,1
0,0,1
0,0,1
0,0,1
0,1,1
0,1,1
1,0,1
0,1,1
0,1,1
1,0,1
0,0,1
0,1,1
0,0,1
0,1,1
0,1,1
0,0,1
0,1,1
0,0,1
0,0,1
0,0,1
0,0,1
0,1,1
1,1,1
0,0,1
0,0,1
0,0,1
0,1,1
0,1,1
0,0,1
0,1,1
0,0,1
0,1,1
0,0,1
0,0,1
0,1,1
0,1,1
0,0,1
0,0,1
0,1,1
0,1,1
0,0,1
0,0,1
0,1,1
0,1,1
0,1,1
0,0,1
0,1,1
0,1,1
1,0,1
0,1,1
0,1,1
0,1,1
0,1,1
0,1,1
0,0,1
0,1,1
0,0,1
0,0,1
0,1,1
0,0,1
0,1,1
0,0,1
0,1,1
0,0,1
0,0,1
0,0,1
0,1,1
1,0,1
0,0,1
0,0,1
0,1,1
0,0,1
0,1,1
0,0,1
0,1,1
0,1,1
0,1,1
0,0,1
0,1,1
1,0,1
0,1,1
0,0,1
0,1,1
0,0,1
0,0,1
1,1,1
0,1,1
0,1,1
0,1,1
0,1,1
0,1,1
0,0,1
0,1,1
0,1,1
0,1,1
0,1,1
0,0,1
0,0,1
0,1,1
1,1,1
0,1,1
0,1,1
0,1,1
0,0,1
0,0,1
0,0,1
0,1,1
0,1,1
0,0,1
0,0,1
0,0,1
0,0,1
0,0,1
1,0,1
0,0,1
0,0,1
1,0,1
0,1,1
0,0,1
0,0,1
0,1,1
0,1,1
0,1,1
0,1,1
0,1,1
0,1,1
0,0,1
1,0,1
0,1,1
1,1,1
0,0,1
0,1,1
0,1,1
0,1,1
0,0,1
0,0,1
0,1,1
0,0,1
0,1,1
0,0,1
0,0,1
0,1,1
0,1,1
0,1,1
0,1,1
0,0,1
0,0,1
0,0,1
0,0,1
0,0,1
0,0,1
0,0,1
0,1,1
0,0,1
0,0,1
0,1,1
0,1,1
1,1,1
0,0,1
0,0,1
0,1,1
1,1,1
1,1,1
0,0,1
0,0,1
0,0,1
0,1,1
0,0,1
0,0,1
0,0,1
1,0,1
0,0,1
0,1,1
0,0,1
0,1,1
0,0,1
0,1,1
0,1,1
1,0,1
0,0,1
0,1,1
0,1,1
0,1,1
0,1,1
1,0,1
0,0,1
0,0,1
0,0,1
0,1,1
0,0,1
0,0,1
0,0,1
0,1,1
0,1,1
0,1,1
0,1,1
0,0,1
0,1,1
0,1,1
0,1,1
0,1,1
0,1,1
1,0,1
0,1,1
0,1,1
0,1,1
0,1,1
0,1,1
0,1,1
0,0,1
0,0,1
1,1,1
0,1,1
0,1,1
0,1,1
0,0,1
0,1,1
0,1,1
0,0,1
0,1,1
0,1,1
0,1,1
0,0,1
0,1,1
0,0,1
0,1,1
0,1,1
0,1,1
0,0,1
0,0,1
1,1,1
0,0,1
0,0,1
0,0,1
0,1,1
0,0,1
0,1,1
1,0,1
0,0,1
0,1,1
0,0,1
0,1,1
0,1,1
0,0,1
0,1,1
0,0,1
0,1,1
0,0,1
0,0,1
0,1,1
0,1,1
0,1,1
0,0,1
0,1,1
0,1,1
1,0,1
0,1,1
0,1,1
0,1,1
0,1,1
0,0,1
0,0,1
0,0,1
0,0,1
0,0,1
0,1,1
0,1,1
0,1,1
0,1,1
0,1,1
0,0,1
0,0,1
0,1,1
0,0,1
0,1,1
0,0,1
0,1,1
0,1,1
0,1,1
0,1,1
1,1,1
0,0,1
1,0,1
0,1,1
0,1,1
1,1,1
0,0,1
0,0,1
1,1,1
0,0,1
0,0,1
0,0,1
0,0,1
0,1,1
0,1,1
0,0,1
0,0,1
0,1,1
0,0,1
0,1,1
0,1,1
0,1,1
0,0,1
0,1,1
1,1,1
0,0,1
0,1,1
0,1,1
0,1,1
0,1,1
0,0,1
0,0,1
0,1,1
0,1,1
0,0,1
0,1,1
0,1,1
0,1,1
0,1,1
0,0,1
0,0,1
0,1,1
0,0,1
0,0,1
0,1,1
1,0,1
0,1,1
0,1,1
0,1,1
1,1,1
0,1,1
0,0,1
0,1,1
0,0,1
0,1,1
0,1,1
0,1,1
0,0,1
0,0,1
0,1,1
0,0,1
0,0,1
0,1,1
0,1,1
0,0,1
0,0,1
0,0,1
0,0,1
0,0,1
0,0,1
0,1,1
0,0,1
0,0,1
0,1,1
0,0,1
0,0,1
0,0,1
0,0,1
0,1,1
0,1,1
0,0,1
0,0,1
0,1,1
0,1,1
0,0,1
0,1,1
0,0,1
0,1,1
0,1,1
0,0,1
0,0,1
1,0,1
0,1,1
0,1,1
0,1,1
0,0,1
0,1,1
0,0,1
0,1,1
0,0,1
0,1,1
0,1,1
0,1,1
0,0,1
0,0,1
0,1,1
0,1,1
0,0,1
0,1,1
0,1,1
0,1,1
0,0,1
0,1,1
0,1,1
0,1,1
0,0,1
0,1,1
0,0,1
0,0,1
0,0,1
0,1,1
0,0,1
0,1,1
0,0,1
1,0,1
0,1,1
0,0,1
0,1,1
0,0,1
0,1,1
1,1,1
0,1,1
0,1,1
0,1,1
0,1,1
0,1,1
1,0,1
0,1,1
0,0,1
0,0,1
0,0,1
0,1,1
0,1,1
1,0,1
1,1,1
0,0,1
0,1,1
0,1,1
0,0,1
0,0,1
0,1,1
0,1,1
0,0,1
0,1,1
1,0,1
0,1,1
0,0,1
0,1,1
0,1,1
0,1,1
0,1,1
0,0,1
0,1,1
1,0,1
0,0,1
0,1,1
0,0,1
0,1,1
0,1,1
0,0,1
0,1,1
0,1,1
0,1,1
0,0,1
0,0,1
0,1,1
0,0,1
0,1,1
0,1,1
0,0,1
0,1,1
0,0,1
0,0,1
0,1,1
0,1,1
0,1,1
0,1,1
0,0,1
0,0,1
0,0,1
0,1,1
0,0,1
0,0,1
0,0,1
0,1,1
0,1,1
0,0,1
0,0,1
0,0,1
0,1,1
0,1,1
0,0,1
1,1,1
0,1,1
0,0,1
0,0,1
1,1,1
0,1,1
0,1,1
0,0,1
0,0,1
0,0,1
0,0,1
0,0,1
0,1,1
0,1,1
0,0,1
0,1,1
0,0,1
0,0,1
0,0,1
0,0,1
0,0,1
0,0,1
0,1,1
0,1,1
0,0,1
0,1,1
0,0,1
0,0,1
0,1,1
0,1,1
0,0,1
0,0,1
0,1,1
0,1,1
0,1,1
0,0,1
0,1,1
0,0,1
0,0,1
0,1,1
1,0,1
0,1,1
0,1,1
0,1,1
0,0,1
0,0,1
0,1,1
0,1,1
0,0,1
0,0,1
0,1,1
0,0,1
0,0,1
0,1,1
0,1,1
0,0,1
0,0,1
0,1,1
0,1,1
0,1,1
0,1,1
0,1,1
0,1,1
0,0,1
0,0,1
0,1,1
0,0,1
0,1,1
0,0,1
0,1,1
1,0,1
1,1,1
0,1,1
0,1,1
0,0,1
0,1,1
0,0,1
0,0,1
0,1,1
1,1,1
0,1,1
0,1,1
0,1,1
0,0,1
0,1,1
0,0,1
0,0,1
0,0,1
0,0,1
0,1,1
0,0,1
0,0,1
0,0,1
0,0,1
0,0,1
0,0,1
0,0,1
0,0,1
0,1,1
0,1,1
0,1,1
0,1,1
0,1,1
0,1,1
0,1,1
0,1,1
0,0,1
0,0,1
0,1,1
0,1,1
0,0,1
0,0,1
0,1,1
0,1,1
0,1,1
0,1,1
0,0,1
0,0,1
0,1,1
0,0,1
0,0,1
1,0,1
0,0,1
0,0,1
0,0,1
0,0,1
0,1,1
0,1,1
1,0,1
0,1,1
0,1,1
0,1,1
0,1,1
0,0,1
0,1,1
0,1,1
0,0,1
0,0,1
0,0,1
0,1,1
0,0,1
0,0,1
0,1,1
1,0,1
0,1,1
0,1,1
0,1,1
0,1,1
0,1,1
0,0,1
0,1,1
0,0,1
0,0,1
0,0,1
1,0,1
0,1,1
0,0,1
0,0,1
1,0,1
0,1,1
0,0,1
0,1,1
0,1,1
0,1,1
0,0,1
0,1,1
0,0,1
0,0,1
0,1,1
0,1,1
0,0,1
0,1,1
0,0,1
0,0,1
0,0,1
0,0,1
0,0,1
0,1,1
0,0,1
0,0,1
1,0,1
0,0,1
0,1,1
0,0,1
0,1,1
0,0,1
0,1,1
0,1,1
0,1,1
0,0,1
0,1,1
0,1,1
0,1,1
0,1,1
0,1,1
0,0,1
0,0,1
0,1,1
0,0,1
0,0,1
0,0,1
0,1,1
0,1,1
0,1,1
0,1,1
0,0,1
0,0,1
0,0,1
0,1,1
0,1,1
0,0,1
0,1,1
0,1,1
0,1,1
0,1,1
0,0,1
0,1,1
0,1,1
0,0,1
0,0,1
0,0,1
0,1,1
0,0,1
0,0,1
0,1,1
0,0,1
0,0,1
0,1,1
0,0,1
0,0,1
0,1,1
0,0,1
0,1,1
0,0,1
0,0,1
0,0,1
0,0,1
0,0,1
0,0,1
0,0,1
0,1,1
0,1,1
0,1,1
0,0,1
0,1,1
0,1,1
0,0,1
0,1,1
0,1,1
0,0,1
0,0,1
0,0,1
0,1,1
0,1,1
0,0,1
0,1,1
0,1,1
0,0,1
0,1,1
0,1,1
0,0,1
0,0,1
0,1,1
0,1,1
0,0,1
0,0,1
0,0,1
0,1,1
0,1,1
0,0,1
0,0,1
0,1,1
0,1,1
0,0,1
0,1,1
0,0,1
0,0,1
1,1,1
0,1,1
0,0,1
0,0,1
0,1,1
0,1,1
0,0,1
0,0,1
0,1,1
0,1,1
0,0,1
0,0,1
0,1,1
0,1,1
0,0,1
0,0,1
0,0,1
0,0,1
0,1,1
0,1,1
0,0,1
