metodo,dataset,tn,fp,fn,tp,accuracy,precision,recall,f1,roc_auc,mcc,time_fs,model
autocraft,adroit,990,2,133,0,0.88,0.0,0.0,0.0,0.4989919354838709,-0.0154523701966097,2.884087324142456,svm
autocraft,adroit,961,31,120,13,0.8657777777777778,0.2954545454545454,0.0977443609022556,0.1468926553672316,0.5332471804511278,0.1107458058277649,2.884087324142456,rf
autocraft,adroit,920,72,108,25,0.84,0.2577319587628865,0.18796992481203,0.217391304347826,0.5576946398253698,0.1327286552272605,2.884087324142456,knn
autocraft,androcrawl,13780,70,844,2405,0.9465465816714428,0.9717171717171718,0.7402277623884272,0.8403214535290007,0.8675868053819393,0.8197264735215385,13.915487051010132,svm
autocraft,androcrawl,13755,95,829,2420,0.9459617521492484,0.9622266401590456,0.744844567559249,0.8396946564885496,0.8689926808915378,0.8174104157755789,13.915487051010132,rf
autocraft,androcrawl,13774,76,890,2359,0.9435054681560324,0.968788501026694,0.7260695598645737,0.8300492610837439,0.8602910976218175,0.80892370182173,13.915487051010132,knn
autocraft,android_permissions,146,830,121,1322,0.6068623398098387,0.6143122676579925,0.916146916146916,0.7354659248956884,0.5328685400406712,0.1029180904836795,5.343031644821167,svm
autocraft,android_permissions,326,650,361,1082,0.5820587019429516,0.6247113163972287,0.7498267498267498,0.6815748031496063,0.5419215716346863,0.0912164809638343,5.343031644821167,rf
autocraft,android_permissions,387,589,468,975,0.5630425795783381,0.6234015345268542,0.6756756756756757,0.6484868639840372,0.5360960345591492,0.0740877033198527,5.343031644821167,knn
autocraft,defensedroid_apicalls_closeness,2874,256,553,2346,0.8658152264057057,0.9016141429669484,0.8092445670921007,0.8529358298491183,0.8637277148559546,0.733824095453332,39.02232599258423,svm
autocraft,defensedroid_apicalls_closeness,2919,211,378,2521,0.9023055233040304,0.9227672035139092,0.8696102104173853,0.8954004617297106,0.9010990349211528,0.8051523559813458,39.02232599258423,rf
autocraft,defensedroid_apicalls_closeness,2824,306,507,2392,0.8651517664620999,0.8865826538176427,0.8251121076233184,0.8547436126496337,0.8636742646742792,0.7308538725640288,39.02232599258423,knn
autocraft,defensedroid_apicalls_degree,2804,321,559,2335,0.8537963116796811,0.8791415662650602,0.8068417415342087,0.8414414414414414,0.8520608707671042,0.708507675863439,41.92209529876709,svm
autocraft,defensedroid_apicalls_degree,2907,218,369,2525,0.9024754942681508,0.920524972657674,0.8724948168624741,0.8958665957069363,0.9013674084312372,0.8053070921549844,41.92209529876709,rf
autocraft,defensedroid_apicalls_degree,2751,374,526,2368,0.850473500581492,0.8636032093362509,0.8182446440912232,0.8403122782114976,0.8492823220456116,0.700823941194487,41.92209529876709,knn
autocraft,defensedroid_apicalls_katz,3076,221,539,2503,0.8801072724404481,0.9188693098384728,0.8228139381985535,0.8681928546652792,0.8778916521444693,0.7627437713869131,38.54905581474304,svm
autocraft,defensedroid_apicalls_katz,3057,240,384,2658,0.901561760530052,0.917184265010352,0.873767258382643,0.8949494949494949,0.9004869048965081,0.803277989940057,38.54905581474304,rf
autocraft,defensedroid_apicalls_katz,2940,357,474,2568,0.8689067676289636,0.877948717948718,0.8441814595660749,0.8607340372046255,0.8679506023945024,0.7375031825528409,38.54905581474304,knn
autocraft,defensedroid_prs,2111,253,309,4094,0.9169499039456184,0.9417989417989416,0.9298205768794005,0.9357714285714286,0.9113992901317476,0.8184442641293519,31.232903480529785,svm
autocraft,defensedroid_prs,2071,293,315,4088,0.9101522092507758,0.9331202921707372,0.9284578696343402,0.930783242258652,0.9022576996225846,0.8028059709421091,31.232903480529785,rf
autocraft,defensedroid_prs,1983,381,288,4115,0.901137874981528,0.9152580071174378,0.9345900522371112,0.9248230138217776,0.8867112697733779,0.7808959759034291,31.232903480529785,knn
autocraft,drebin_215,3751,75,146,953,0.9551269035532997,0.9270428015564204,0.8671519563239308,0.8960977903149977,0.9237746190401672,0.8683094081294629,10.534538745880129,svm
autocraft,drebin_215,3751,75,156,943,0.9530964467005076,0.9263261296660118,0.8580527752502275,0.8908833254605574,0.9192250285033152,0.8620906463406365,10.534538745880129,rf
autocraft,drebin_215,3726,100,170,929,0.9451776649746192,0.902818270165209,0.8453139217470428,0.8731203007518797,0.909588482044457,0.8389419258575265,10.534538745880129,knn
autocraft,kronodroid_real_device,15962,946,1230,13325,0.930839398658742,0.933711723074767,0.9154929577464788,0.9245125927981684,0.9297715557599204,0.860853965429168,97.82340908050536,svm
autocraft,kronodroid_real_device,15885,1023,1027,13528,0.9348441025967008,0.9296955535702014,0.92944005496393,0.929567786710644,0.9344680757431432,0.8689527965504662,97.82340908050536,rf
autocraft,kronodroid_real_device,15791,1117,1292,13263,0.9234338747099768,0.9223226703755216,0.9112332531776022,0.9167444271643338,0.922584925618846,0.84593054646743,97.82340908050536,knn
autocraft,mh_100k,18707,4761,43,7394,0.8445558971040285,0.6083093377211024,0.9942180986957108,0.7547978766843609,0.8956730513931936,0.6925087748891268,193.797327041626,svm
autocraft,mh_100k,18724,4744,154,7283,0.8415143180715094,0.6055541697846512,0.9792927255613822,0.7483559391697493,0.8885725601558402,0.6813690593547501,193.797327041626,rf
autocraft,mh_100k,18791,4677,311,7126,0.8386021679339912,0.6037448106413623,0.9581820626596746,0.7407484407484407,0.8794447044165937,0.6676975741609069,193.797327041626,knn
jowmdroid,adroit,991,1,130,3,0.8835555555555555,0.75,0.0225563909774436,0.0437956204379562,0.5107741632306573,0.1168859742800188,0.8233094215393066,svm
jowmdroid,adroit,964,28,124,9,0.8648888888888889,0.2432432432432432,0.0676691729323308,0.1058823529411764,0.5197216832403591,0.071406923385719,0.8233094215393066,rf
jowmdroid,adroit,938,54,122,11,0.8435555555555555,0.1692307692307692,0.0827067669172932,0.1111111111111111,0.5141356415231627,0.0391216861161281,0.8233094215393066,knn
jowmdroid,androcrawl,13807,43,862,2387,0.9470729282414176,0.9823045267489712,0.734687596183441,0.8406409579151259,0.8657914515213233,0.8219774414643304,7.2014899253845215,svm
jowmdroid,androcrawl,13797,53,849,2400,0.947248377098076,0.9783938035059112,0.7386888273314867,0.8418098912662224,0.8674310562650214,0.8224269065843839,7.2014899253845215,rf
jowmdroid,androcrawl,13646,204,935,2314,0.9333879174220716,0.9189833200953136,0.7122191443521083,0.802496965493324,0.8487449512374259,0.7721757333816573,7.2014899253845215,knn
jowmdroid,android_permissions,189,787,174,1269,0.6027284001653576,0.6172178988326849,0.8794178794178794,0.7253501000285796,0.536532710200743,0.100370270403076,1.8222780227661133,svm
jowmdroid,android_permissions,383,593,433,1010,0.5758577924762298,0.6300686213349969,0.6999306999306999,0.6631648063033486,0.5461743663587926,0.0958246350500158,1.8222780227661133,rf
jowmdroid,android_permissions,342,634,401,1042,0.5721372467961968,0.6217183770883055,0.7221067221067221,0.668162872715614,0.5362582790861479,0.0771194357750708,1.8222780227661133,knn
jowmdroid,defensedroid_apicalls_closeness,2893,237,522,2377,0.8741084757007795,0.9093343534812548,0.8199379096240083,0.8623254126609832,0.8721095298918763,0.7503241399931765,20.05581045150757,svm
jowmdroid,defensedroid_apicalls_closeness,2900,230,391,2508,0.8969978437551833,0.9159970781592404,0.8651259054846498,0.8898350186269293,0.895821738684817,0.7944110038898062,20.05581045150757,rf
jowmdroid,defensedroid_apicalls_closeness,2796,334,477,2422,0.8654834964339028,0.8788098693759071,0.8354605036219386,0.8565870910698496,0.8643756192231099,0.7309084335376449,20.05581045150757,knn
jowmdroid,defensedroid_apicalls_degree,2894,231,567,2327,0.8674198371822562,0.9096950742767788,0.804077401520387,0.8536316947909024,0.8650787007601936,0.7379716809849335,20.63601446151733,svm
jowmdroid,defensedroid_apicalls_degree,2899,226,394,2500,0.8969928559561389,0.917094644167278,0.8638562543192813,0.8896797153024911,0.8957681271596407,0.7944860838446212,20.63601446151733,rf
jowmdroid,defensedroid_apicalls_degree,2747,378,578,2316,0.8411696295065626,0.8596881959910914,0.8002764340013822,0.8289191123836793,0.8396582170006911,0.682577195831687,20.63601446151733,knn
jowmdroid,defensedroid_apicalls_katz,3105,192,522,2520,0.8873639375295788,0.9292035398230089,0.8284023668639053,0.8759124087591241,0.8850838039961019,0.7776885538572155,20.243789434432983,svm
jowmdroid,defensedroid_apicalls_katz,3057,240,415,2627,0.8966713992743335,0.9162888036274852,0.8635765943458251,0.8891521408021662,0.8953915728780992,0.7937665221361306,20.243789434432983,rf
jowmdroid,defensedroid_apicalls_katz,2802,495,440,2602,0.8525003943839722,0.8401679044236358,0.8553583168967784,0.8476950643427268,0.8526109145903364,0.7048354148549053,20.243789434432983,knn
jowmdroid,defensedroid_prs,2095,269,314,4089,0.9138466085414512,0.9382744378155116,0.9286849875085168,0.9334550850359548,0.9074474006916526,0.8114048758479547,16.27845788002014,svm
jowmdroid,defensedroid_prs,2092,272,334,4069,0.9104477611940298,0.9373416263533748,0.924142630024983,0.9306953339432754,0.9045417041833882,0.8043611437220526,16.27845788002014,rf
jowmdroid,defensedroid_prs,2074,290,386,4017,0.9001034431801389,0.9326677501741352,0.9123325005677948,0.9223880597014924,0.8948295328558094,0.7826772584032237,16.27845788002014,knn
jowmdroid,drebin_215,3781,45,128,971,0.9648730964467004,0.9557086614173228,0.8835304822565969,0.9182033096926714,0.9358844256552196,0.8970011240981252,5.739279747009277,svm
jowmdroid,drebin_215,3779,47,134,965,0.9632487309644672,0.9535573122529644,0.8780709736123748,0.9142586451918522,0.9328933017565272,0.8921482141189688,5.739279747009277,rf
jowmdroid,drebin_215,3739,87,164,935,0.9490355329949238,0.9148727984344422,0.8507734303912647,0.8816595945308816,0.9140171386143464,0.8501487501731968,5.739279747009277,knn
jowmdroid,kronodroid_real_device,16093,815,1216,13339,0.9354479865238534,0.9424191041401724,0.916454826520096,0.929255634121704,0.9341263959901168,0.8702075127957873,92.42487907409668,svm
jowmdroid,kronodroid_real_device,16228,680,1016,13539,0.94609541366049,0.95217666502567,0.9301958090003436,0.9410578994925974,0.9449890802749528,0.8916163828608865,92.42487907409668,rf
jowmdroid,kronodroid_real_device,16167,741,1497,13058,0.9288688300543496,0.9463004565548228,0.8971487461353487,0.9210693376595894,0.926661669022252,0.8574277059250168,92.42487907409668,knn
jowmdroid,mh_100k,18993,4475,1182,6255,0.816955185245106,0.5829450139794967,0.8410649455425575,0.6886112181427864,0.825189878600493,0.5839791120363987,498.5458650588989,svm
jowmdroid,mh_100k,19672,3796,2674,4763,0.7906487623361915,0.5564902441874051,0.6404464165658196,0.5955238809702426,0.7393471216969203,0.4572815981809255,498.5458650588989,rf
jowmdroid,mh_100k,20120,3348,3031,4406,0.7935932696974599,0.5682228527211761,0.5924431894581148,0.580080310710289,0.7248904203639646,0.4434964078744588,498.5458650588989,knn
mt,adroit,992,0,133,0,0.8817777777777778,0.0,0.0,0.0,0.5,0.0,0.0531063079833984,svm
mt,adroit,979,13,122,11,0.88,0.4583333333333333,0.0827067669172932,0.1401273885350318,0.534800964103808,0.1555262309706193,0.0531063079833984,rf
mt,adroit,990,2,129,4,0.8835555555555555,0.6666666666666666,0.0300751879699248,0.0575539568345323,0.5140295294688334,0.1243838769746405,0.0531063079833984,knn
mt,androcrawl,13739,111,3193,56,0.8067723258670098,0.3353293413173652,0.0172360726377346,0.0327868852459016,0.5046108161022609,0.0367870678834914,0.1154501438140869,svm
mt,androcrawl,13739,111,3193,56,0.8067723258670098,0.3353293413173652,0.0172360726377346,0.0327868852459016,0.5046108161022609,0.0367870678834914,0.1154501438140869,rf
mt,androcrawl,12716,1134,2376,873,0.7947248377098076,0.4349775784753363,0.2686980609418282,0.3321917808219178,0.5934104023120693,0.227707794080417,0.1154501438140869,knn
mt,android_permissions,288,688,240,1203,0.6163704009921455,0.6361713379164463,0.8336798336798337,0.7216556688662268,0.5643809004464742,0.152926373891561,0.1214711666107177,svm
mt,android_permissions,337,639,381,1062,0.5783381562629185,0.6243386243386243,0.735966735966736,0.6755725190839694,0.5406268106063188,0.0872542160023582,0.1214711666107177,rf
mt,android_permissions,312,664,390,1053,0.5642827614716825,0.6132789749563191,0.7297297297297297,0.6664556962025316,0.5247009304386354,0.053400789643945,0.1214711666107177,knn
mt,defensedroid_apicalls_closeness,2892,238,539,2360,0.871122905954553,0.9083910700538876,0.8140738185581234,0.858650172821539,0.8690177399499883,0.7446352382357334,249.44451022148127,svm
mt,defensedroid_apicalls_closeness,2889,241,394,2505,0.8946757339525626,0.9122359796067008,0.8640910658847879,0.887511071744907,0.8935471303864835,0.7896548630807462,249.44451022148127,rf
mt,defensedroid_apicalls_closeness,2754,376,537,2362,0.8485652678719522,0.8626734842951059,0.8147637116246982,0.8380344154692212,0.8473179580487709,0.6970643114227348,249.44451022148127,knn
mt,defensedroid_apicalls_degree,2725,400,497,2397,0.8509719222462203,0.8569896317483018,0.8282653766413269,0.8423827095413812,0.8501326883206636,0.701500406418478,259.9604003429413,svm
mt,defensedroid_apicalls_degree,2887,238,374,2520,0.8983219803954146,0.9137055837563453,0.8707671043538355,0.89171974522293,0.8973035521769178,0.796808920602398,259.9604003429413,rf
mt,defensedroid_apicalls_degree,2617,508,553,2341,0.82372487124107,0.8216918216918216,0.808914996544575,0.815253351906669,0.8231774982722875,0.6467992816606332,259.9604003429413,knn
mt,defensedroid_apicalls_katz,3080,217,539,2503,0.8807382867960246,0.920220588235294,0.8228139381985535,0.8687955570982298,0.8784982642160496,0.764107078148623,335.7753484249115,svm
mt,defensedroid_apicalls_katz,3045,252,421,2621,0.8938318346742389,0.91228680821441,0.8616042077580539,0.8862214708368554,0.8925855433694728,0.7879910502513329,335.7753484249115,rf
mt,defensedroid_apicalls_katz,2775,522,441,2601,0.8480832938949361,0.8328530259365994,0.8550295857988166,0.8437956204379562,0.848351917558189,0.6962148260755353,335.7753484249115,knn
mt,defensedroid_prs,1993,371,364,4039,0.8913846608541451,0.9158730158730158,0.917329093799682,0.9166004765687054,0.8801958497763216,0.7609153763681783,0.591881275177002,svm
mt,defensedroid_prs,1988,376,394,4009,0.8862125018471997,0.9142531356898518,0.9105155575743812,0.9123805188893946,0.875731552052842,0.7501533681073671,0.591881275177002,rf
mt,defensedroid_prs,1893,471,363,4040,0.8767548396630708,0.8955885612946132,0.9175562116738588,0.90643930895221,0.8591588164968278,0.7264548793048899,0.591881275177002,knn
mt,drebin_215,3723,103,259,840,0.926497461928934,0.8907741251325557,0.7643312101910829,0.8227228207639569,0.8687050719016052,0.7803221993283698,0.2767889499664306,svm
mt,drebin_215,3710,116,243,856,0.9271065989847715,0.8806584362139918,0.7788898999090081,0.8266537904394012,0.8742855145127895,0.7830830155922135,0.2767889499664306,rf
mt,drebin_215,3649,177,245,854,0.9143147208121828,0.8283220174587779,0.7770700636942676,0.8018779342723005,0.86540382431969,0.7479061541932337,0.2767889499664306,knn
mt,kronodroid_real_device,15155,1753,1554,13001,0.8948924133108731,0.8811847634539786,0.8932325661284782,0.887167764168003,0.8947769170836382,0.7888671149599795,2.273188591003418,svm
mt,kronodroid_real_device,15219,1689,1561,12994,0.8967040650923307,0.8849690117823333,0.8927516317416695,0.8888432861344825,0.8964290451114308,0.792399711706607,2.273188591003418,rf
mt,kronodroid_real_device,14873,2035,1589,12966,0.8848170867368019,0.864342377174855,0.8908278941944349,0.8773853024766545,0.885235333423217,0.7691427120710084,2.273188591003418,knn
mt,mh_100k,18961,4507,1137,6300,0.8173758291538586,0.5829554918108634,0.8471157724889068,0.6906380179785134,0.8275335126293178,0.5872103102405144,29.63568472862244,svm
mt,mh_100k,19756,3712,2478,4959,0.7997087849862482,0.5719063545150501,0.6668011294876967,0.6157188974422647,0.754314149199277,0.4839428257010383,29.63568472862244,rf
mt,mh_100k,19883,3585,2878,4559,0.7908752629024429,0.5597986247544204,0.6130160010757025,0.5851999229831205,0.7301273971630431,0.4466020371329747,29.63568472862244,knn
rfg,adroit,992,0,133,0,0.8817777777777778,0.0,0.0,0.0,0.5,0.0,26.06595206260681,svm
rfg,adroit,991,1,133,0,0.8808888888888889,0.0,0.0,0.0,0.4994959677419355,-0.0109216141379494,26.06595206260681,rf
rfg,adroit,724,268,100,33,0.6728888888888889,0.1096345514950166,0.2481203007518796,0.152073732718894,0.4889795052146495,-0.0160755519032762,26.06595206260681,knn
rfg,androcrawl,13608,242,865,2384,0.9352593718930932,0.907844630616908,0.7337642351492767,0.8115744680851064,0.8581456554807756,0.7794042746998986,164.51254844665527,svm
rfg,androcrawl,13609,241,865,2384,0.9353178548453126,0.9081904761904762,0.7337642351492767,0.811712631937351,0.8581817565638081,0.7796043648418053,164.51254844665527,rf
rfg,androcrawl,13667,183,1220,2029,0.9179484180361424,0.9172694394213382,0.6244998461064943,0.7430873466398096,0.8056434248583013,0.7145763525624076,164.51254844665527,knn
rfg,android_permissions,37,939,47,1396,0.5923935510541546,0.5978586723768736,0.9674289674289674,0.7390153520381154,0.5026694017472706,0.0143060231987333,39.10121488571167,svm
rfg,android_permissions,35,941,55,1388,0.5882596114096734,0.5959639330184628,0.961884961884962,0.735949098621421,0.4988728088113334,-0.0058435889107973,39.10121488571167,rf
rfg,android_permissions,130,846,224,1219,0.5576684580405126,0.5903147699757869,0.8447678447678447,0.6949828962371721,0.48898228303966,-0.0305856716867963,39.10121488571167,knn
rfg,defensedroid_apicalls_closeness,2872,258,686,2213,0.8434234533090065,0.8955888304330231,0.7633666781648845,0.8242085661080074,0.840469281574455,0.6917749981475227,381.75812315940857,svm
rfg,defensedroid_apicalls_closeness,2879,251,460,2439,0.8820699950240504,0.9066914498141264,0.8413245946878234,0.8727858293075684,0.8805664506985443,0.7650193541440454,381.75812315940857,rf
rfg,defensedroid_apicalls_closeness,2806,324,611,2288,0.8449162381821198,0.8759571209800919,0.7892376681614349,0.8303393213572854,0.842861645582315,0.6914107086157294,381.75812315940857,knn
rfg,defensedroid_apicalls_degree,2730,395,590,2304,0.8363515534141884,0.8536494998147462,0.7961299239806496,0.8238870016091543,0.8348649619903248,0.6728271286103008,362.3123826980591,svm
rfg,defensedroid_apicalls_degree,2882,243,397,2497,0.8936700448579499,0.9113138686131388,0.8628196268140982,0.8864039758608449,0.8925298134070491,0.7876457391702814,362.3123826980591,rf
rfg,defensedroid_apicalls_degree,2808,317,607,2287,0.846486127263665,0.8782642089093702,0.7902557014512785,0.831938886867952,0.8444078507256393,0.6946426879051115,362.3123826980591,knn
rfg,defensedroid_apicalls_katz,2987,310,575,2467,0.8603880738286797,0.8883687432481094,0.8109796186719264,0.84791201237326,0.8584773737884959,0.7219313905327123,366.29322147369385,svm
rfg,defensedroid_apicalls_katz,3024,273,463,2579,0.8838933585739076,0.9042776998597476,0.8477975016436555,0.8751272480488632,0.8824974769364774,0.7682399977499215,366.29322147369385,rf
rfg,defensedroid_apicalls_katz,2959,338,553,2489,0.8594415522953147,0.8804386275203396,0.8182117028270874,0.8481853808144488,0.8578471313650148,0.7193271564286687,366.29322147369385,knn
rfg,defensedroid_prs,1988,376,332,4071,0.8953746120880745,0.915448617045199,0.9245968657733364,0.92,0.8827722061523197,0.7689372720331935,97.5332009792328,svm
rfg,defensedroid_prs,1944,420,306,4097,0.8927146445987882,0.907017932255922,0.9305019305019304,0.918609865470852,0.8764184779413207,0.7618732132385786,97.5332009792328,rf
rfg,defensedroid_prs,1954,410,320,4083,0.8921235407122802,0.9087469396839528,0.9273222802634568,0.9179406474820144,0.876943712043742,0.760923747454788,97.5332009792328,knn
rfg,drebin_215,3749,77,177,922,0.9484263959390864,0.9229229229229228,0.8389444949954504,0.8789323164918971,0.9094095187993458,0.8478155324035843,55.99984097480774,svm
rfg,drebin_215,3759,67,159,940,0.9541116751269036,0.9334657398212513,0.8553230209281165,0.8926875593542261,0.9189056296485852,0.8649093070862824,55.99984097480774,rf
rfg,drebin_215,3721,105,193,906,0.939492385786802,0.8961424332344213,0.824385805277525,0.8587677725118483,0.898470999868245,0.821508489547647,55.99984097480774,knn
rfg,kronodroid_real_device,15822,1086,5696,8859,0.7844452213711344,0.8907993966817497,0.6086568189625559,0.7231836734693877,0.7722134343215903,0.5838327184989333,602.932532787323,svm
rfg,kronodroid_real_device,15714,1194,5598,8957,0.7841273877252646,0.8823761205792533,0.615389900377877,0.7250870233951267,0.7723862205934807,0.5810330498944453,602.932532787323,rf
rfg,kronodroid_real_device,11147,5761,4075,10480,0.6873788259225122,0.6452804630256758,0.7200274819649605,0.6806078711520976,0.689650599274413,0.3784375284855223,602.932532787323,knn
rfg,mh_100k,18714,4754,128,7309,0.8420320336515127,0.6059023460167454,0.982788758908162,0.7496410256410256,0.8901075207528708,0.6836913504244014,800.6824026107788,svm
rfg,mh_100k,18989,4479,1390,6047,0.8100954538100631,0.5744822344670341,0.8130966787683206,0.6732728386127039,0.8111205227828308,0.5612708256590417,800.6824026107788,rf
rfg,mh_100k,19630,3838,2230,5207,0.8036563662837729,0.5756771697070204,0.700147909103133,0.6318407960199005,0.7683030324448682,0.504153913794053,800.6824026107788,knn
semidroid,adroit,990,2,132,1,0.8808888888888889,0.3333333333333333,0.0075187969924812,0.0147058823529411,0.5027513339801116,0.0344506887043639,14.530288696289062,svm
semidroid,adroit,972,20,117,16,0.8782222222222222,0.4444444444444444,0.1203007518796992,0.1893491124260355,0.5500697307785593,0.183705313566995,14.530288696289062,rf
semidroid,adroit,769,223,97,36,0.7155555555555555,0.138996138996139,0.2706766917293233,0.1836734693877551,0.5229391523162745,0.0351868337693355,14.530288696289062,knn
semidroid,androcrawl,13809,41,866,2383,0.9469559623369788,0.983085808580858,0.7334564481378886,0.8401198660320818,0.8652480796646121,0.8216035679457253,36.07180118560791,svm
semidroid,androcrawl,13596,254,708,2541,0.9437393999649102,0.90912343470483,0.7820867959372114,0.8408338848444739,0.8818737228783531,0.8102701805443122,36.07180118560791,rf
semidroid,androcrawl,13588,262,772,2477,0.9395286274051114,0.9043446513326032,0.7623884272083719,0.8273213092852372,0.8717357298496733,0.7952264337733798,36.07180118560791,knn
semidroid,android_permissions,251,725,194,1249,0.6200909466721786,0.632725430597771,0.8655578655578655,0.7310506292069067,0.5613649983527033,0.155401503866733,16.57572364807129,svm
semidroid,android_permissions,347,629,368,1075,0.5878462174452252,0.630868544600939,0.7449757449757449,0.6831903400063553,0.5502542659304954,0.1080620463700709,16.57572364807129,rf
semidroid,android_permissions,333,643,419,1024,0.5609756097560976,0.6142771445710857,0.7096327096327096,0.6585209003215434,0.5254106171114368,0.0538674679708466,16.57572364807129,knn
semidroid,defensedroid_apicalls_closeness,2890,240,558,2341,0.867639741250622,0.9070127857419604,0.807519834425664,0.8543795620437956,0.8654212590658671,0.7379763614597676,153.90124464035034,svm
semidroid,defensedroid_apicalls_closeness,2905,225,400,2499,0.8963343838115774,0.9174008810572688,0.8620213866850638,0.888849368664414,0.8950682013297524,0.7932481423202286,153.90124464035034,rf
semidroid,defensedroid_apicalls_closeness,2805,325,490,2409,0.8648200364902969,0.8811265544989028,0.8309761986892031,0.8553168826557784,0.8635711664372533,0.7297745958170585,153.90124464035034,knn
semidroid,defensedroid_apicalls_degree,2824,301,570,2324,0.8552915766738661,0.8853333333333333,0.8030407740152039,0.8421815546294619,0.853360387007602,0.7120353558989239,153.09869599342346,svm
semidroid,defensedroid_apicalls_degree,2900,225,397,2497,0.89666057484632,0.917340191036003,0.8628196268140982,0.8892450142450142,0.8954098134070491,0.7938677863606555,153.09869599342346,rf
semidroid,defensedroid_apicalls_degree,2720,405,511,2383,0.8478152517029407,0.8547345767575323,0.8234277816171389,0.8387891587469201,0.8469138908085695,0.6952021330851432,153.09869599342346,knn
semidroid,defensedroid_apicalls_katz,3100,197,544,2498,0.8831045906294368,0.9269016697588126,0.8211702827087443,0.8708384172912672,0.8807094968290462,0.7694744708336528,162.26846837997437,svm
semidroid,defensedroid_apicalls_katz,3079,218,422,2620,0.8990377031077457,0.923185341789993,0.8612754766600921,0.891156462585034,0.8975773804289238,0.7988927704470047,162.26846837997437,rf
semidroid,defensedroid_apicalls_katz,2905,392,466,2576,0.8646474207288216,0.8679245283018868,0.8468113083497699,0.8572379367720466,0.863957671160023,0.7288004413992127,162.26846837997437,knn
semidroid,defensedroid_prs,2083,281,296,4107,0.9147332643712132,0.9359617137648132,0.9327731092436976,0.9343646911614152,0.9069533904932532,0.8127223725611985,153.12480521202087,svm
semidroid,defensedroid_prs,2086,278,318,4085,0.9119255209103,0.9362823745129498,0.92777651601181,0.9320100387862196,0.9050896116438067,0.8070851236138884,153.12480521202087,rf
semidroid,defensedroid_prs,2074,290,384,4019,0.9003989951233929,0.9326990020886516,0.912786736316148,0.922635445362718,0.8950566507299861,0.7832641794477704,153.12480521202087,knn
semidroid,drebin_215,3767,59,138,961,0.96,0.942156862745098,0.8744313011828936,0.9070316186880604,0.9295052480822988,0.8825903903483233,39.70838451385498,svm
semidroid,drebin_215,3763,63,145,954,0.957766497461929,0.9380530973451328,0.8680618744313012,0.9017013232514176,0.92579779555334,0.8759251161314184,39.70838451385498,rf
semidroid,drebin_215,3712,114,170,929,0.9423350253807108,0.8906999041227229,0.8453139217470428,0.8674136321195145,0.907758895008388,0.8310647246753007,39.70838451385498,knn
semidroid,kronodroid_real_device,16082,826,1190,13365,0.935924736992658,0.941794094848848,0.9182411542425284,0.9298685034439574,0.9346942700476896,0.8711407328625117,288.4055092334748,svm
semidroid,kronodroid_real_device,16113,795,991,13564,0.9432349108476624,0.9446340274392367,0.9319134318103744,0.938230614927025,0.9424471346418798,0.8857938594780721,288.4055092334748,rf
semidroid,kronodroid_real_device,16129,779,1499,13056,0.9275974954708706,0.9436935308998916,0.8970113363105462,0.9197604790419162,0.925469235697265,0.8547897004248739,288.4055092334748,knn
semidroid,mh_100k,18712,4756,129,7308,0.8419349619802621,0.6057692307692307,0.982654296087132,0.7495000256397107,0.889997678127084,0.6834886523491992,601.6390442848206,svm
semidroid,mh_100k,19323,4145,2000,5437,0.8011648600550073,0.5674180755583386,0.7310743579400296,0.6389329572830366,0.7772254353190859,0.5124455941705429,601.6390442848206,rf
semidroid,mh_100k,19593,3875,2449,4988,0.795372917003721,0.5627891233216744,0.6707005512975662,0.6120245398773007,0.7527910460595553,0.4778732708125215,601.6390442848206,knn
sigapi,adroit,992,0,133,0,0.8817777777777778,0.0,0.0,0.0,0.5,0.0,2.7486374378204346,svm
sigapi,adroit,991,1,133,0,0.8808888888888889,0.0,0.0,0.0,0.4994959677419355,-0.0109216141379494,2.7486374378204346,rf
sigapi,adroit,990,2,132,1,0.8808888888888889,0.3333333333333333,0.0075187969924812,0.0147058823529411,0.5027513339801116,0.0344506887043639,2.7486374378204346,knn
sigapi,androcrawl,13772,78,840,2409,0.946312649862565,0.9686369119420988,0.7414589104339797,0.8399581589958159,0.8679135707404556,0.8188094023523902,12.838122129440308,svm
sigapi,androcrawl,13771,79,842,2407,0.9461372010059068,0.9682220434432824,0.7408433364112035,0.8394071490845685,0.867569682646035,0.8181805800532097,12.838122129440308,rf
sigapi,androcrawl,13759,91,922,2327,0.9407567694017194,0.9623655913978496,0.7162203755001539,0.8212458090700547,0.8548249891941203,0.7989837906197723,12.838122129440308,knn
sigapi,android_permissions,172,804,159,1284,0.6019016122364613,0.6149425287356322,0.8898128898128899,0.7272727272727273,0.5330211990048056,0.0942761121804206,2.884343147277832,svm
sigapi,android_permissions,206,770,200,1243,0.5990078544853246,0.6174863387978142,0.8613998613998614,0.7193287037037037,0.5362327175851767,0.0951270600203973,2.884343147277832,rf
sigapi,android_permissions,182,794,213,1230,0.5837122778007441,0.607707509881423,0.8523908523908524,0.7095471589270262,0.519433131113459,0.0515854292795491,2.884343147277832,knn
sigapi,defensedroid_apicalls_closeness,2874,256,575,2324,0.8621661967158732,0.9007751937984496,0.8016557433597792,0.8483299872239459,0.8599333029897938,0.7269287637722972,28.129650354385376,svm
sigapi,defensedroid_apicalls_closeness,2908,222,399,2500,0.8969978437551833,0.9184423218221895,0.8623663332183512,0.8895214374666429,0.8957199078232332,0.7946081469416363,28.129650354385376,rf
sigapi,defensedroid_apicalls_closeness,2844,286,523,2376,0.8658152264057057,0.8925619834710744,0.8195929630907209,0.8545225678834742,0.864109580586894,0.7327111403953873,28.129650354385376,knn
sigapi,defensedroid_apicalls_degree,2726,399,590,2304,0.8356869911945506,0.8523862375138734,0.7961299239806496,0.8232981954618546,0.8342249619903248,0.6714487484803264,25.09140181541443,svm
sigapi,defensedroid_apicalls_degree,2889,236,394,2500,0.8953314504070443,0.9137426900584796,0.8638562543192813,0.8880994671403197,0.8941681271596407,0.7910287820947973,25.09140181541443,rf
sigapi,defensedroid_apicalls_degree,2860,265,594,2300,0.8572852633327795,0.8966861598440545,0.7947477539737388,0.842645173108628,0.8549738769868693,0.7172917114800685,25.09140181541443,knn
sigapi,defensedroid_apicalls_katz,3061,236,563,2479,0.8739548824735762,0.913075506445672,0.8149243918474688,0.861212437033177,0.8716720837005011,0.750498805028796,28.62101888656616,svm
sigapi,defensedroid_apicalls_katz,3066,231,393,2649,0.901561760530052,0.9197916666666668,0.8708086785009862,0.894630192502533,0.9003724921167352,0.8034554121040087,28.62101888656616,rf
sigapi,defensedroid_apicalls_katz,2991,306,483,2559,0.8755324183625177,0.8931937172774869,0.8412228796844181,0.8664296597257491,0.8742056163663219,0.7512805670344526,28.62101888656616,knn
sigapi,defensedroid_prs,2098,266,313,4090,0.9144377124279592,0.9389348025711662,0.9289121053826936,0.93389656353465,0.9081954773952384,0.812743907104001,21.652845859527588,svm
sigapi,defensedroid_prs,2074,290,319,4084,0.9100044332791488,0.9336991312299956,0.9275493981376336,0.9306141050472828,0.9024379816407287,0.8026316811750361,21.652845859527588,rf
sigapi,defensedroid_prs,2022,342,340,4063,0.8992167873503768,0.922360953461975,0.9227799227799228,0.9225703905540418,0.8890549360092507,0.778262493453989,21.652845859527588,knn
sigapi,drebin_215,3739,87,197,902,0.9423350253807108,0.9120323559150656,0.8207461328480437,0.8639846743295019,0.8990034898427358,0.8293776507718222,7.642363548278809,svm
sigapi,drebin_215,3716,110,179,920,0.9413197969543148,0.8932038834951457,0.8371246587807097,0.8642555190230155,0.904187002678384,0.8275825509904097,7.642363548278809,rf
sigapi,drebin_215,3172,654,76,1023,0.8517766497461929,0.6100178890876565,0.9308462238398544,0.7370317002881844,0.8799552603778468,0.6676659750665168,7.642363548278809,knn
sigapi,kronodroid_real_device,15585,1323,1272,13283,0.9175221688967994,0.9094207859783652,0.9126073514256268,0.9110112821919688,0.9171801838746304,0.8341614198471445,70.32911276817322,svm
sigapi,kronodroid_real_device,15698,1210,1286,13269,0.92066872199091,0.9164306927273984,0.9116454826520096,0.9140318247571813,0.9200408629252478,0.8403969885698167,70.32911276817322,rf
sigapi,kronodroid_real_device,15474,1434,1368,13187,0.9109430124272956,0.901921893167362,0.9060116798351082,0.903962160680011,0.9105998782426074,0.8209480324158256,70.32911276817322,knn
sigapi,mh_100k,18707,4761,43,7394,0.8445558971040285,0.6083093377211024,0.9942180986957108,0.7547978766843609,0.8956730513931936,0.6925087748891268,144.90163469314575,svm
sigapi,mh_100k,18724,4744,154,7283,0.8415143180715094,0.6055541697846512,0.9792927255613822,0.7483559391697493,0.8885725601558402,0.6813690593547501,144.90163469314575,rf
sigapi,mh_100k,18791,4677,311,7126,0.8386021679339912,0.6037448106413623,0.9581820626596746,0.7407484407484407,0.8794447044165937,0.6676975741609069,144.90163469314575,knn
sigpid,adroit,990,2,125,8,0.8871111111111111,0.8,0.0601503759398496,0.1118881118881118,0.5290671234537957,0.1999752616496824,0.688833475112915,svm
sigpid,adroit,987,5,125,8,0.8844444444444445,0.6153846153846154,0.0601503759398496,0.1095890410958904,0.5275550266796023,0.1664901015899127,0.688833475112915,rf
sigpid,adroit,988,4,128,5,0.8826666666666667,0.5555555555555556,0.037593984962406,0.0704225352112676,0.516780863448945,0.121638933478469,0.688833475112915,knn
sigpid,androcrawl,13812,38,859,2390,0.9475407918591732,0.984349258649094,0.7356109572176054,0.8419940109212612,0.8664336374535682,0.8237034253296786,8.346811771392822,svm
sigpid,androcrawl,13811,39,859,2390,0.9474823089069536,0.9839440098806091,0.7356109572176054,0.8418457203240578,0.8663975363705356,0.8234807825446518,8.346811771392822,rf
sigpid,androcrawl,13813,37,861,2388,0.9474823089069536,0.9847422680412372,0.7349953831948292,0.8417342262953824,0.8661619515252125,0.8235174825134105,8.346811771392822,knn
sigpid,android_permissions,233,743,222,1221,0.6010748243075651,0.6216904276985743,0.8461538461538461,0.7167596125623716,0.5424416771752838,0.1065624428235715,3.787168025970459,svm
sigpid,android_permissions,388,588,459,984,0.5671765192228193,0.6259541984732825,0.681912681912682,0.6527363184079602,0.5397268327596196,0.0817154235563405,3.787168025970459,rf
sigpid,android_permissions,370,606,436,1007,0.56924348904506,0.6243025418474891,0.6978516978516979,0.6590314136125655,0.5384750292537177,0.0800907432832686,3.787168025970459,knn
sigpid,defensedroid_apicalls_closeness,2987,143,998,1901,0.8107480510864157,0.9300391389432484,0.6557433597792343,0.7691685211410075,0.8050282294103838,0.6438900252537118,112.13576316833496,svm
sigpid,defensedroid_apicalls_closeness,2918,212,930,1969,0.8105821861005141,0.9027968821641448,0.6791997240427734,0.7751968503937008,0.8057340473249011,0.6358061335740027,112.13576316833496,rf
sigpid,defensedroid_apicalls_closeness,2942,188,881,2018,0.822690330071322,0.914777878513146,0.6961021041738531,0.7905974534769834,0.8180191032051375,0.6597426758903593,112.13576316833496,knn
sigpid,defensedroid_apicalls_degree,3015,110,956,1938,0.8228941684665226,0.9462890625,0.6696613683483068,0.7842978551193849,0.8172306841741533,0.6690591863856161,114.7238929271698,svm
sigpid,defensedroid_apicalls_degree,2925,200,917,1977,0.8144210001661406,0.9081304547542488,0.6831375259156877,0.7797278643265628,0.8095687629578437,0.6438037571511624,114.7238929271698,rf
sigpid,defensedroid_apicalls_degree,2971,154,872,2022,0.8295397906629008,0.9292279411764706,0.6986869384934347,0.7976331360946746,0.8247034692467173,0.6753463561476882,114.7238929271698,knn
sigpid,defensedroid_apicalls_katz,3103,194,525,2517,0.8865751695851081,0.9284396901512356,0.8274161735700197,0.8750217277941943,0.8842874013133689,0.7761163322993417,225.40103793144223,svm
sigpid,defensedroid_apicalls_katz,3063,234,417,2625,0.89730241362991,0.9181532004197271,0.8629191321499013,0.8896797153024911,0.8959727598875075,0.7951291678070226,225.40103793144223,rf
sigpid,defensedroid_apicalls_katz,2806,491,437,2605,0.8536046695062313,0.8414082687338501,0.856344510190664,0.8488106875203649,0.8537106233088594,0.7070387677542364,225.40103793144223,knn
sigpid,defensedroid_prs,2041,323,467,3936,0.8832569824146593,0.9241606010800656,0.8939359527594821,0.9087970445624568,0.8786515635201809,0.7475672080144853,55.170201778411865,svm
sigpid,defensedroid_prs,1994,370,478,3925,0.8746859760602926,0.9138533178114088,0.8914376561435385,0.902506323292711,0.8674616368704154,0.7276696516027059,55.170201778411865,rf
sigpid,defensedroid_prs,1922,442,480,3923,0.8637505541598935,0.8987399770904926,0.8909834203951851,0.894844890510949,0.8520060926002998,0.7014546997665919,55.170201778411865,knn
sigpid,drebin_215,3641,185,402,697,0.8808121827411167,0.7902494331065759,0.6342129208371247,0.7036850075719334,0.7929297745847933,0.636178047488458,10.073662281036375,svm
sigpid,drebin_215,3579,247,389,710,0.8708629441624366,0.741901776384535,0.6460418562329391,0.6906614785992218,0.7907417854086808,0.6118810131939625,10.073662281036375,rf
sigpid,drebin_215,2671,1155,165,934,0.7319796954314721,0.4471038774533269,0.8498635122838945,0.5859473023839398,0.7739908256662547,0.4616523095468069,10.073662281036375,knn
sigpid,kronodroid_real_device,15733,1175,1449,13106,0.9166004513237772,0.9177228485400182,0.900446581930608,0.909002635594396,0.9154764255761392,0.832170736885989,615.1460514068604,svm
sigpid,kronodroid_real_device,15676,1232,1395,13160,0.9165051012300162,0.914396887159533,0.9041566472002748,0.9092479358828204,0.915645865592094,0.8319852535502905,615.1460514068604,rf
sigpid,kronodroid_real_device,15551,1357,1596,12959,0.9061437243746624,0.9052109527801062,0.8903469598076262,0.8977174327179522,0.9050445468543692,0.8111106260273492,615.1460514068604,knn
sigpid,mh_100k,18717,4751,426,7011,0.832486652645203,0.5960720965822139,0.9427188382412264,0.7303505390905777,0.8701364772423108,0.6517532811663564,4084.9276099205017,svm
sigpid,mh_100k,19259,4209,2123,5314,0.7951140592137195,0.5580174314816759,0.7145354309533414,0.6266509433962264,0.7675924129370423,0.4954840366739982,4084.9276099205017,rf
sigpid,mh_100k,19734,3734,2709,4728,0.7915224073774471,0.558733160009454,0.6357402178297701,0.594754387068369,0.7383149700023233,0.4569211748683168,4084.9276099205017,knn
