metodo,dataset,tn,fp,fn,tp,accuracy,precision,recall,f1,roc_auc,mcc,time_fs,model,datasets,malware,benigno
autocraft,adroit,3186.0,232.0,660.0,2758.0,0.8695143358689292,0.9224080267558528,0.8069046225863078,0.8607990012484394,0.8695143358689291,0.7448916604767312,10.7514328956604,svm,,,
autocraft,adroit,3106.0,312.0,521.0,2897.0,0.878145114101814,0.9027734496727952,0.847571679344646,0.8743020974800061,0.8781451141018138,0.7577080671164542,10.7514328956604,rf,,,
autocraft,adroit,3032.0,386.0,611.0,2807.0,0.854154476301931,0.8791105543376135,0.8212404915155062,0.849190742701558,0.854154476301931,0.7098486235659393,10.7514328956604,knn,,,
autocraft,androcrawl,9732.0,438.0,798.0,9372.0,0.9392330383480826,0.9553516819571866,0.9215339233038348,0.9381381381381382,0.9392330383480826,0.8790169687008912,15.568320512771606,svm,,,
autocraft,androcrawl,9745.0,425.0,728.0,9442.0,0.9433136676499508,0.9569271308401744,0.928416912487709,0.9424564555572192,0.9433136676499508,0.8870211062895418,15.568320512771606,rf,,,
autocraft,androcrawl,10070.0,100.0,2190.0,7980.0,0.8874139626352016,0.9876237623762376,0.7846607669616519,0.8745205479452055,0.8874139626352016,0.7917267196561038,15.568320512771606,knn,,,
autocraft,android_permissions,5788.0,3289.0,3620.0,5457.0,0.6194227167566376,0.6239423736565287,0.6011898204252506,0.6123548224204679,0.6194227167566375,0.2390043949049395,32.127992391586304,svm,,,
autocraft,android_permissions,5604.0,3473.0,3513.0,5564.0,0.6151812272777349,0.6156910479141308,0.6129778561198634,0.6143314563321188,0.6151812272777349,0.2303646913358198,32.127992391586304,rf,,,
autocraft,android_permissions,5425.0,3652.0,4218.0,4859.0,0.5664867246887738,0.570908236399953,0.5353090228048915,0.552535819877189,0.5664867246887739,0.133232719133989,32.127992391586304,knn,,,
autocraft,defensedroid_apicalls_closeness,4937.0,285.0,701.0,4521.0,0.905591727307545,0.9406991260923844,0.8657602451168135,0.9016753091344236,0.905591727307545,0.8137697322082565,64.06534576416016,svm,,,
autocraft,defensedroid_apicalls_closeness,4965.0,257.0,410.0,4812.0,0.9361355802374568,0.9492996646281318,0.9214860206817312,0.9351860849285784,0.9361355802374568,0.8726457972153613,64.06534576416016,rf,,,
autocraft,defensedroid_apicalls_closeness,4831.0,391.0,578.0,4644.0,0.90721945614707,0.9223435948361468,0.8893144389122941,0.9055279321439016,0.90721945614707,0.814961616427426,64.06534576416016,knn,,,
autocraft,defensedroid_apicalls_degree,4706.0,516.0,623.0,4599.0,0.8909421677518192,0.8991202346041056,0.8806970509383378,0.8898132920576569,0.8909421677518192,0.782048524148077,58.194176197052,svm,,,
autocraft,defensedroid_apicalls_degree,4971.0,251.0,421.0,4801.0,0.935656836461126,0.9503167062549486,0.9193795480658752,0.9345921744208682,0.935656836461126,0.8717757495565259,58.194176197052,rf,,,
autocraft,defensedroid_apicalls_degree,4854.0,368.0,618.0,4604.0,0.905591727307545,0.9259855189058728,0.8816545384909996,0.9032764371198744,0.905591727307545,0.8121146540288992,58.194176197052,knn,,,
autocraft,defensedroid_apicalls_katz,4970.0,252.0,626.0,4596.0,0.9159325928762926,0.948019801980198,0.8801225584067407,0.9128103277060576,0.9159325928762926,0.8340069276246691,64.68774604797363,svm,,,
autocraft,defensedroid_apicalls_katz,4952.0,270.0,406.0,4816.0,0.9352738414400612,0.9469130947699568,0.9222520107238604,0.93441986806364,0.9352738414400612,0.8708430673418566,64.68774604797363,rf,,,
autocraft,defensedroid_apicalls_katz,4816.0,406.0,521.0,4701.0,0.9112409038682496,0.9205012727628744,0.9002297970126388,0.910252686610514,0.9112409038682496,0.8226813230584366,64.68774604797363,knn,,,
autocraft,defensedroid_prs,5669.0,306.0,702.0,5273.0,0.9156485355648536,0.9451514608352752,0.8825104602510461,0.9127574865847324,0.9156485355648536,0.8331288558576413,57.10154366493225,svm,,,
autocraft,defensedroid_prs,5686.0,289.0,671.0,5304.0,0.9196652719665273,0.9483282674772036,0.8876987447698744,0.91701244813278,0.9196652719665273,0.8410511751675075,57.10154366493225,rf,,,
autocraft,defensedroid_prs,5293.0,682.0,662.0,5313.0,0.8875313807531381,0.8862385321100917,0.8892050209205021,0.887719298245614,0.8875313807531381,0.7750671035550475,57.10154366493225,knn,,,
autocraft,drebin_215,5457.0,98.0,211.0,5344.0,0.9721872187218722,0.9819919147372288,0.962016201620162,0.9719014276620896,0.9721872187218724,0.94456988839841,23.533299684524536,svm,,,
autocraft,drebin_215,5470.0,85.0,159.0,5396.0,0.978037803780378,0.9844918810436052,0.9713771377137714,0.977890540050743,0.978037803780378,0.956160450432856,23.533299684524536,rf,,,
autocraft,drebin_215,5385.0,170.0,191.0,5364.0,0.9675067506750676,0.9692808095410193,0.9656165616561656,0.9674452159797998,0.9675067506750676,0.93502018268139,23.533299684524536,knn,,,
autocraft,kronodroid_real_device,35542.0,1213.0,1521.0,35234.0,0.9628077812542511,0.9667187971575164,0.9586178751190314,0.9626512936805004,0.962807781254251,0.925648063162806,250.90402913093567,svm,,,
autocraft,kronodroid_real_device,35757.0,998.0,1221.0,35534.0,0.9698136307985308,0.97268148472572,0.966780029927901,0.9697217787602168,0.9698136307985308,0.9396445563544908,250.90402913093567,rf,,,
autocraft,kronodroid_real_device,35381.0,1374.0,1422.0,35333.0,0.961964358590668,0.9625684474350942,0.9613113862059584,0.9619395061392284,0.961964358590668,0.9239295050587416,250.90402913093567,knn,,,
autocraft,mh_100k,11588.0,1133.0,0.0,12721.0,0.955467337473469,0.9182185650353688,1.0,0.9573659454374412,0.955467337473469,0.91456936864884,154.43681597709656,svm,,,
autocraft,mh_100k,11588.0,1133.0,4.0,12717.0,0.9553101171291564,0.9181949458483756,0.9996855593113748,0.9572089872417298,0.9553101171291564,0.9142279108624544,154.43681597709656,rf,,,
autocraft,mh_100k,12653.0,68.0,11873.0,848.0,0.530657967140948,0.925764192139738,0.0666614259885229,0.1243675295152892,0.530657967140948,0.1645634955915227,154.43681597709656,knn,,,
jowmdroid,adroit,3241.0,177.0,809.0,2609.0,0.855763604447045,0.9364680545585068,0.7633118782913985,0.84107027724049,0.8557636044470451,0.7240115641550665,5.931905269622803,svm,,,
jowmdroid,adroit,3109.0,309.0,586.0,2832.0,0.8690754827384435,0.9016236867239732,0.8285547103569338,0.8635462722976064,0.8690754827384435,0.7405869601359828,5.931905269622803,rf,,,
jowmdroid,adroit,2912.0,506.0,606.0,2812.0,0.8373317729666472,0.8474984930681133,0.8227033352837917,0.834916864608076,0.8373317729666471,0.6749524755404953,5.931905269622803,knn,,,
jowmdroid,androcrawl,9503.0,667.0,1138.0,9032.0,0.9112586037364798,0.9312300237137848,0.888102261553589,0.9091549650208868,0.9112586037364798,0.8234007230687146,10.0375714302063,svm,,,
jowmdroid,androcrawl,9528.0,642.0,1164.0,9006.0,0.9112094395280236,0.933457711442786,0.8855457227138643,0.90887072358462,0.9112094395280236,0.8235043578088946,10.0375714302063,rf,,,
jowmdroid,androcrawl,10113.0,57.0,2678.0,7492.0,0.865535889872173,0.9924493310372234,0.7366764995083579,0.8456459168124612,0.865535889872173,0.7566307906965126,10.0375714302063,knn,,,
jowmdroid,android_permissions,5892.0,3185.0,4107.0,4970.0,0.5983254379200176,0.6094420600858369,0.5475377327310785,0.5768337975858867,0.5983254379200177,0.197673273162904,22.522948026657104,svm,,,
jowmdroid,android_permissions,5627.0,3450.0,3882.0,5195.0,0.5961220667621461,0.6009253903990746,0.5723256582571334,0.5862769439115224,0.5961220667621461,0.1924622279032939,22.522948026657104,rf,,,
jowmdroid,android_permissions,3656.0,5421.0,3129.0,5948.0,0.5290294150049576,0.5231770604274782,0.655282582350997,0.5818252959013988,0.5290294150049576,0.060003219872535,22.522948026657104,knn,,,
jowmdroid,defensedroid_apicalls_closeness,4983.0,239.0,630.0,4592.0,0.9167943316736884,0.9505278410267024,0.8793565683646113,0.9135581418482044,0.9167943316736884,0.8359352273077965,43.19685935974121,svm,,,
jowmdroid,defensedroid_apicalls_closeness,4966.0,256.0,421.0,4801.0,0.9351780926847952,0.9493771010480522,0.9193795480658752,0.9341375620196516,0.9351780926847952,0.8707909823493413,43.19685935974121,rf,,,
jowmdroid,defensedroid_apicalls_closeness,4814.0,408.0,532.0,4690.0,0.9099961700497894,0.9199686151431934,0.8981233243967829,0.9089147286821704,0.9099961700497894,0.8202236174710964,43.19685935974121,knn,,,
jowmdroid,defensedroid_apicalls_degree,4823.0,399.0,634.0,4588.0,0.9010915358100344,0.919991979145779,0.8785905783224818,0.8988147712802429,0.9010915358100344,0.8029965869490885,42.46037077903748,svm,,,
jowmdroid,defensedroid_apicalls_degree,4965.0,257.0,418.0,4804.0,0.9353695901953276,0.9492195218336296,0.9199540405974722,0.9343576777205096,0.9353695901953276,0.871153319132004,42.46037077903748,rf,,,
jowmdroid,defensedroid_apicalls_degree,4696.0,526.0,584.0,4638.0,0.8937188816545385,0.8981409759876066,0.8881654538491,0.8931253610629694,0.8937188816545385,0.7874863378471069,42.46037077903748,knn,,,
jowmdroid,defensedroid_apicalls_katz,4974.0,248.0,591.0,4631.0,0.9196667943316736,0.949169911867186,0.8868249712753734,0.9169389169389168,0.9196667943316736,0.8411500542314956,34.49915027618408,svm,,,
jowmdroid,defensedroid_apicalls_katz,4954.0,268.0,427.0,4795.0,0.9334546150900038,0.9470669563499902,0.9182305630026808,0.9324258629071464,0.9334546150900036,0.86731135996808,34.49915027618408,rf,,,
jowmdroid,defensedroid_apicalls_katz,4702.0,520.0,492.0,4730.0,0.9031022596706244,0.900952380952381,0.9057832248180774,0.9033613445378152,0.9031022596706244,0.806216108900632,34.49915027618408,knn,,,
jowmdroid,defensedroid_prs,5626.0,349.0,715.0,5260.0,0.9109623430962344,0.937778570155108,0.8803347280334728,0.9081491712707184,0.9109623430962344,0.8234710534951454,31.451436281204224,svm,,,
jowmdroid,defensedroid_prs,5684.0,291.0,689.0,5286.0,0.9179916317991632,0.9478214093598708,0.8846861924686192,0.9151662049861496,0.9179916317991632,0.8378440909715524,31.451436281204224,rf,,,
jowmdroid,defensedroid_prs,5500.0,475.0,811.0,5164.0,0.8923849372384938,0.9157652065969144,0.8642677824267783,0.8892715687962803,0.8923849372384938,0.7860136631149417,31.451436281204224,knn,,,
jowmdroid,drebin_215,5480.0,75.0,156.0,5399.0,0.9792079207920792,0.9862988673730362,0.971917191719172,0.9790552180614744,0.9792079207920792,0.9585177465060012,11.002256870269775,svm,,,
jowmdroid,drebin_215,5484.0,71.0,120.0,5435.0,0.9828082808280828,0.9871049763893934,0.9783978397839784,0.982732121869632,0.9828082808280828,0.9656541301763226,11.002256870269775,rf,,,
jowmdroid,drebin_215,5410.0,145.0,162.0,5393.0,0.9723672367236724,0.973817262549657,0.9708370837083709,0.9723248895699992,0.9723672367236724,0.9447388974210214,11.002256870269775,knn,,,
jowmdroid,kronodroid_real_device,35674.0,1081.0,1613.0,35142.0,0.9633519249081758,0.9701570825166332,0.956114814310978,0.9630847652717256,0.9633519249081758,0.9268009387269514,426.6020436286926,svm,,,
jowmdroid,kronodroid_real_device,35970.0,785.0,1159.0,35596.0,0.9735546184192628,0.9784228031115144,0.9684668752550674,0.9734193830671626,0.9735546184192628,0.947158272738856,426.6020436286926,rf,,,
jowmdroid,kronodroid_real_device,35729.0,1026.0,1678.0,35077.0,0.9632158889946946,0.9715813090324904,0.954346347435723,0.9628867111367316,0.9632158889946946,0.9265775748915116,426.6020436286926,knn,,,
jowmdroid,mh_100k,11568.0,1153.0,38.0,12683.0,0.953187642480937,0.9166666666666666,0.9970128134580616,0.955153066987988,0.953187642480937,0.9098771267470523,377.68475794792175,svm,,,
jowmdroid,mh_100k,11600.0,1121.0,308.0,12413.0,0.94383303199434,0.917171567903059,0.9757880669758668,0.9455722719482004,0.94383303199434,0.8894844710539418,377.68475794792175,rf,,,
jowmdroid,mh_100k,11420.0,1301.0,886.0,11835.0,0.9140397767471112,0.9009591961023142,0.9303513874695386,0.9154194222067524,0.9140397767471112,0.8285205575459501,377.68475794792175,knn,,,
mt,adroit,3162.0,256.0,786.0,2632.0,0.847571679344646,0.9113573407202216,0.770040959625512,0.8347605455122106,0.847571679344646,0.7036541766951794,0.0827827453613281,svm,,,
mt,adroit,3118.0,300.0,742.0,2676.0,0.847571679344646,0.8991935483870968,0.7829139847864248,0.8370347200500469,0.847571679344646,0.701029543022646,0.0827827453613281,rf,,,
mt,adroit,3415.0,3.0,3409.0,9.0,0.5008777062609713,0.75,0.0026331187829139,0.0052478134110787,0.5008777062609714,0.0209672328517232,0.0827827453613281,knn,,,
mt,androcrawl,7109.0,3061.0,437.0,9733.0,0.828023598820059,0.7607472252618415,0.9570304818092428,0.8476746211461418,0.8280235988200589,0.679038602379572,0.0943810939788818,svm,,,
mt,androcrawl,7109.0,3061.0,437.0,9733.0,0.828023598820059,0.7607472252618415,0.9570304818092428,0.8476746211461418,0.8280235988200589,0.679038602379572,0.0943810939788818,rf,,,
mt,androcrawl,10170.0,0.0,10170.0,0.0,0.5,0.0,0.0,0.0,0.5,0.0,0.0943810939788818,knn,,,
mt,android_permissions,5689.0,3388.0,3952.0,5125.0,0.5956813925305717,0.6020204393280865,0.564613859204583,0.5827174530983513,0.5956813925305718,0.1917332616654008,0.2925953865051269,svm,,,
mt,android_permissions,5696.0,3381.0,3965.0,5112.0,0.5953508868568911,0.6019074531967503,0.5631816679519666,0.5819009675583381,0.5953508868568911,0.1910977020866439,0.2925953865051269,rf,,,
mt,android_permissions,6.0,9071.0,2.0,9075.0,0.5002203371157872,0.5001102171277416,0.9997796628842128,0.6667156448591265,0.5002203371157872,0.0104984345376656,0.2925953865051269,knn,,,
mt,defensedroid_apicalls_closeness,4978.0,244.0,635.0,4587.0,0.9158368441210264,0.9494928586214034,0.8783990808119494,0.9125634139062966,0.9158368441210264,0.8340148615202756,330.8472194671631,svm,,,
mt,defensedroid_apicalls_closeness,4980.0,242.0,421.0,4801.0,0.9365185752585216,0.952012690858616,0.9193795480658752,0.9354115927910376,0.9365185752585216,0.87355050573346,330.8472194671631,rf,,,
mt,defensedroid_apicalls_closeness,4823.0,399.0,536.0,4686.0,0.9104749138261202,0.9215339233038348,0.8973573343546534,0.9092849519743864,0.9104749138261202,0.8212324967148986,330.8472194671631,knn,,,
mt,defensedroid_apicalls_degree,4833.0,389.0,637.0,4585.0,0.9017617770968978,0.921793325291516,0.8780160857908847,0.8993723028638682,0.9017617770968978,0.8044312360296909,345.02065658569336,svm,,,
mt,defensedroid_apicalls_degree,4960.0,262.0,420.0,4802.0,0.9346993489084642,0.94826224328594,0.9195710455764076,0.9336962862142718,0.9346993489084642,0.8697969220999153,345.02065658569336,rf,,,
mt,defensedroid_apicalls_degree,4699.0,523.0,577.0,4645.0,0.8946763692072003,0.8988003095975232,0.8895059364228265,0.8941289701636189,0.8946763692072003,0.7893949459252856,345.02065658569336,knn,,,
mt,defensedroid_apicalls_katz,4964.0,258.0,606.0,4616.0,0.9172730754500192,0.947066064833812,0.8839525086173879,0.9144215530903328,0.9172730754500192,0.8364054729000872,400.30450081825256,svm,,,
mt,defensedroid_apicalls_katz,4965.0,257.0,432.0,4790.0,0.934029107621601,0.9490786605904498,0.9172730754500192,0.9329048592852274,0.9340291076216009,0.8685460662552827,400.30450081825256,rf,,,
mt,defensedroid_apicalls_katz,4694.0,528.0,487.0,4735.0,0.9028150134048256,0.8996769903097093,0.9067407123707392,0.9031950405340964,0.9028150134048256,0.8056548592674899,400.30450081825256,knn,,,
mt,defensedroid_prs,5365.0,610.0,890.0,5085.0,0.8744769874476988,0.8928884986830553,0.8510460251046025,0.87146529562982,0.8744769874476989,0.7497776982790738,0.6659126281738281,svm,,,
mt,defensedroid_prs,5367.0,608.0,868.0,5107.0,0.8764853556485356,0.8936132983377078,0.8547280334728034,0.8737382378100941,0.8764853556485356,0.7536846094541793,0.6659126281738281,rf,,,
mt,defensedroid_prs,3027.0,2948.0,259.0,5716.0,0.7316317991631799,0.659741458910434,0.956652719665272,0.7809276589931006,0.7316317991631799,0.5187678870863067,0.6659126281738281,knn,,,
mt,drebin_215,5235.0,320.0,567.0,4988.0,0.9201620162016202,0.9397136397889976,0.897929792979298,0.918346681395563,0.9201620162016202,0.8411559630652867,0.6723194122314453,svm,,,
mt,drebin_215,5346.0,209.0,516.0,5039.0,0.9347434743474348,0.9601753048780488,0.9071107110711072,0.932889012311395,0.9347434743474348,0.8708178257379595,0.6723194122314453,rf,,,
mt,drebin_215,4916.0,639.0,352.0,5203.0,0.9108010801080108,0.890619650804519,0.9366336633663368,0.9130472931473196,0.9108010801080108,0.8227009073429942,0.6723194122314453,knn,,,
mt,kronodroid_real_device,34513.0,2242.0,2358.0,34397.0,0.9374234797986668,0.9388083735909822,0.9358454632022856,0.9373245769408944,0.9374234797986668,0.8748513166063617,5.956037759780884,svm,,,
mt,kronodroid_real_device,34860.0,1895.0,1943.0,34812.0,0.9477894164059312,0.9483749693518948,0.9471364440212215,0.9477553020609296,0.9477894164059312,0.8955795965139904,5.956037759780884,rf,,,
mt,kronodroid_real_device,34029.0,2726.0,2037.0,34718.0,0.935206094408924,0.9271979489370794,0.9445789688477758,0.9358077602124018,0.935206094408924,0.8705651619065853,5.956037759780884,knn,,,
mt,mh_100k,11072.0,1649.0,1174.0,11547.0,0.889041742001415,0.8750378902697787,0.9077116578885308,0.891075355943975,0.889041742001415,0.7786264783973035,23.999938249588013,svm,,,
mt,mh_100k,10975.0,1746.0,1201.0,11520.0,0.8841679113277258,0.8683853459972863,0.9055891832403112,0.8865971447262092,0.8841679113277259,0.7690419287248939,23.999938249588013,rf,,,
mt,mh_100k,10874.0,1847.0,1594.0,11127.0,0.8647511988051254,0.8576383536303376,0.8746953855828944,0.8660828955049621,0.8647511988051254,0.7296467168147905,23.999938249588013,knn,,,
rfg,adroit,3312.0,106.0,1029.0,2389.0,0.8339672322995904,0.9575150300601204,0.6989467524868344,0.8080500591916117,0.8339672322995905,0.6937064676575178,66.63157367706299,svm,,,
rfg,adroit,3259.0,159.0,950.0,2468.0,0.8377706260971328,0.9394746859535592,0.722059684025746,0.8165425971877585,0.8377706260971328,0.6943915601487262,66.63157367706299,rf,,,
rfg,adroit,3112.0,306.0,876.0,2542.0,0.8270918665886483,0.8925561797752809,0.7437097717963721,0.8113629109479732,0.8270918665886483,0.6634744940096553,66.63157367706299,knn,,,
rfg,androcrawl,9368.0,802.0,1465.0,8705.0,0.8885447394296951,0.9156411065530662,0.8559488692232055,0.8847893479697109,0.8885447394296953,0.7787460618191487,227.84528398513797,svm,,,
rfg,androcrawl,9343.0,827.0,1437.0,8733.0,0.8886922320550639,0.9134937238493724,0.8587020648967552,0.885250886974151,0.888692232055064,0.7787866235134476,227.84528398513797,rf,,,
rfg,androcrawl,9064.0,1106.0,1276.0,8894.0,0.8828908554572271,0.8894,0.8745329400196656,0.881903817550818,0.8828908554572271,0.7658887203209704,227.84528398513797,knn,,,
rfg,android_permissions,3831.0,5246.0,2895.0,6182.0,0.5515588850941942,0.5409520476023801,0.6810620248980941,0.6029748841745916,0.551558885094194,0.1067609184706897,228.17659950256348,svm,,,
rfg,android_permissions,3786.0,5291.0,2886.0,6191.0,0.5495758510521097,0.5391917784358126,0.6820535419191363,0.6022666472104674,0.5495758510521097,0.1028266576353283,228.17659950256348,rf,,,
rfg,android_permissions,3642.0,5435.0,3692.0,5385.0,0.4972457860526605,0.4976894639556377,0.593257684256913,0.5412876313012012,0.4972457860526605,-0.0056128821166434,228.17659950256348,knn,,,
rfg,defensedroid_apicalls_closeness,4879.0,343.0,720.0,4502.0,0.8982190731520491,0.9292053663570692,0.8621217924166986,0.8944074699513261,0.8982190731520491,0.7985218346686564,667.5831732749939,svm,,,
rfg,defensedroid_apicalls_closeness,4966.0,256.0,451.0,4771.0,0.9323056300268096,0.949074995026855,0.9136346227499044,0.9310176602595376,0.9323056300268096,0.8652147094586599,667.5831732749939,rf,,,
rfg,defensedroid_apicalls_closeness,4859.0,363.0,605.0,4617.0,0.9073152049023364,0.9271084337349398,0.8841440061279203,0.9051166437953344,0.9073152049023364,0.8155065787030285,667.5831732749939,knn,,,
rfg,defensedroid_apicalls_degree,4629.0,593.0,631.0,4591.0,0.8828035235541938,0.8856095679012346,0.8791650708540789,0.8823755525658274,0.8828035235541939,0.7656273186432832,608.8309893608093,svm,,,
rfg,defensedroid_apicalls_degree,4991.0,231.0,477.0,4745.0,0.9322098812715436,0.9535771704180064,0.9086556874760628,0.9305746224749952,0.9322098812715434,0.865380522174531,608.8309893608093,rf,,,
rfg,defensedroid_apicalls_degree,4798.0,424.0,632.0,4590.0,0.8988893144389123,0.915436777024332,0.8789735733435465,0.8968347010550997,0.8988893144389123,0.7984122395519957,608.8309893608093,knn,,,
rfg,defensedroid_apicalls_katz,4868.0,354.0,644.0,4578.0,0.9044427422443508,0.9282238442822384,0.8766756032171582,0.9017136103998424,0.9044427422443508,0.8101357011183241,609.5924689769745,svm,,,
rfg,defensedroid_apicalls_katz,4940.0,282.0,451.0,4771.0,0.929816162389889,0.9441915693647338,0.9136346227499044,0.928661800486618,0.9298161623898888,0.8600828547954399,609.5924689769745,rf,,,
rfg,defensedroid_apicalls_katz,4852.0,370.0,532.0,4690.0,0.9136346227499044,0.9268774703557312,0.8981233243967829,0.9122738766776892,0.913634622749904,0.8276676156509387,609.5924689769745,knn,,,
rfg,defensedroid_prs,5478.0,497.0,763.0,5212.0,0.8945606694560669,0.9129444736381152,0.8723012552301255,0.8921602191030469,0.8945606694560669,0.7899044933037715,180.1152410507202,svm,,,
rfg,defensedroid_prs,5596.0,379.0,903.0,5072.0,0.8927196652719666,0.9304714731241974,0.8488702928870293,0.8877997549448626,0.8927196652719667,0.788477300116791,180.1152410507202,rf,,,
rfg,defensedroid_prs,5394.0,581.0,849.0,5126.0,0.8803347280334728,0.8981951988785701,0.857907949790795,0.8775894538606404,0.8803347280334727,0.7614357857623536,180.1152410507202,knn,,,
rfg,drebin_215,5314.0,241.0,410.0,5145.0,0.9414041404140414,0.955254363163758,0.9261926192619262,0.9404990403071016,0.9414041404140414,0.8832171113279632,116.05331778526306,svm,,,
rfg,drebin_215,5363.0,192.0,286.0,5269.0,0.956975697569757,0.9648416041018129,0.9485148514851484,0.9566085693536674,0.956975697569757,0.9140822753441784,116.05331778526306,rf,,,
rfg,drebin_215,5260.0,295.0,337.0,5218.0,0.9431143114311432,0.9464901142753492,0.9393339333933394,0.942898445970365,0.9431143114311432,0.8862539545923436,116.05331778526306,knn,,,
rfg,kronodroid_real_device,33183.0,3572.0,7149.0,29606.0,0.8541558971568494,0.8923382964615106,0.8054958509046388,0.8466961234324282,0.8541558971568495,0.7116900922232847,2334.41663146019,svm,,,
rfg,kronodroid_real_device,33309.0,3446.0,7170.0,29585.0,0.8555842742484016,0.8956737610123823,0.804924500068018,0.8478777978391081,0.8555842742484016,0.7148471996807488,2334.41663146019,rf,,,
rfg,kronodroid_real_device,28452.0,8303.0,7186.0,29569.0,0.7892939736090328,0.7807615124630334,0.8044891851448782,0.7924477735940075,0.7892939736090328,0.5788553179314576,2334.41663146019,knn,,,
rfg,mh_100k,11570.0,1151.0,0.0,12721.0,0.9547598459240626,0.9170271049596308,1.0,0.9567179332907156,0.9547598459240626,0.9132656841901275,547.0714366436005,svm,,,
rfg,mh_100k,11607.0,1114.0,128.0,12593.0,0.951183083090952,0.9187276574013278,0.9899378979639966,0.9530043892840926,0.951183083090952,0.905089032930152,547.0714366436005,rf,,,
rfg,mh_100k,11552.0,1169.0,157.0,12564.0,0.9478814558603884,0.9148765746741426,0.9876582029714646,0.9498752551599002,0.9478814558603884,0.8986109709273231,547.0714366436005,knn,,,
semidroid,adroit,3196.0,222.0,715.0,2703.0,0.8629315389116442,0.924102564102564,0.7908133411351668,0.8522781018445531,0.8629315389116443,0.7335334468076479,36.78689980506897,svm,,,
semidroid,adroit,3138.0,280.0,620.0,2798.0,0.8683440608543007,0.9090318388564004,0.8186073727325922,0.8614532019704434,0.8683440608543007,0.7403601421578669,36.78689980506897,rf,,,
semidroid,adroit,2749.0,669.0,631.0,2787.0,0.8098303101228789,0.8064236111111112,0.815389116442364,0.8108815827756765,0.809830310122879,0.6196989192286014,36.78689980506897,knn,,,
semidroid,androcrawl,9738.0,432.0,784.0,9386.0,0.9402163225172074,0.9559991851700956,0.9229105211406096,0.9391634980988594,0.9402163225172074,0.88096048221511,40.5332133769989,svm,,,
semidroid,androcrawl,9712.0,458.0,766.0,9404.0,0.9398230088495576,0.9535591157980126,0.9246804326450344,0.9388977635782748,0.9398230088495576,0.8800496968746038,40.5332133769989,rf,,,
semidroid,androcrawl,9584.0,586.0,865.0,9305.0,0.9286627335299902,0.940754221008998,0.914945919370698,0.9276706046557998,0.9286627335299902,0.8576482625462094,40.5332133769989,knn,,,
semidroid,android_permissions,5818.0,3259.0,3647.0,5430.0,0.6195879695934781,0.6249280699735298,0.5982152693621241,0.6112799729821007,0.6195879695934781,0.2393947465432032,79.36285614967346,svm,,,
semidroid,android_permissions,5681.0,3396.0,3570.0,5507.0,0.6162829128566707,0.6185555430753679,0.6066982483199295,0.6125695216907675,0.6162829128566707,0.232608567181743,79.36285614967346,rf,,,
semidroid,android_permissions,4821.0,4256.0,3360.0,5717.0,0.5804781315412582,0.5732477689762359,0.6298336454775807,0.6002099737532809,0.5804781315412582,0.1617462088499163,79.36285614967346,knn,,,
semidroid,defensedroid_apicalls_closeness,4955.0,267.0,644.0,4578.0,0.9127728839525088,0.944891640866873,0.8766756032171582,0.9095063077381544,0.9127728839525086,0.8277056093427694,211.3730344772339,svm,,,
semidroid,defensedroid_apicalls_closeness,4967.0,255.0,439.0,4783.0,0.93355036384527,0.9493846764589122,0.9159325928762926,0.9323586744639376,0.93355036384527,0.8676395010249315,211.3730344772339,rf,,,
semidroid,defensedroid_apicalls_closeness,4808.0,414.0,538.0,4684.0,0.9088471849865952,0.9187916830129462,0.8969743393335886,0.9077519379844962,0.9088471849865952,0.8179249992063479,211.3730344772339,knn,,,
semidroid,defensedroid_apicalls_degree,4753.0,469.0,661.0,4561.0,0.8918039065492148,0.9067594433399604,0.873420145538108,0.8897776043698791,0.8918039065492149,0.7841380110962128,209.08412313461304,svm,,,
semidroid,defensedroid_apicalls_degree,4989.0,233.0,429.0,4793.0,0.936614324013788,0.9536410664544368,0.9178475679816164,0.9354020296643248,0.936614324013788,0.8738443854478185,209.08412313461304,rf,,,
semidroid,defensedroid_apicalls_degree,4765.0,457.0,592.0,4630.0,0.8995595557257756,0.910163160998624,0.886633473764841,0.8982442525948201,0.8995595557257755,0.7993862847675731,209.08412313461304,knn,,,
semidroid,defensedroid_apicalls_katz,4906.0,316.0,650.0,4572.0,0.9075067024128688,0.9353518821603928,0.875526618153964,0.9044510385756676,0.9075067024128688,0.8166856076485787,209.258406162262,svm,,,
semidroid,defensedroid_apicalls_katz,4941.0,281.0,448.0,4774.0,0.9301991574109536,0.9444114737883283,0.9142091152815014,0.9290649022088158,0.9301991574109536,0.8608386283634966,209.258406162262,rf,,,
semidroid,defensedroid_apicalls_katz,4806.0,416.0,541.0,4681.0,0.9083684412102644,0.9183833627624092,0.8963998468019916,0.907258455276674,0.9083684412102644,0.8169709736523173,209.258406162262,knn,,,
semidroid,defensedroid_prs,5649.0,326.0,684.0,5291.0,0.9154811715481171,0.9419619013708386,0.8855230125523013,0.9128709454796412,0.9154811715481171,0.8324579340739048,218.76801013946533,svm,,,
semidroid,defensedroid_prs,5684.0,291.0,678.0,5297.0,0.9189121338912134,0.9479241231209736,0.8865271966527196,0.9161982184554182,0.9189121338912132,0.8395872102056444,218.76801013946533,rf,,,
semidroid,defensedroid_prs,5570.0,405.0,742.0,5233.0,0.9040167364016736,0.9281660163178432,0.87581589958159,0.9012313786274004,0.9040167364016736,0.8093217847052714,218.76801013946533,knn,,,
semidroid,drebin_215,5484.0,71.0,163.0,5392.0,0.9789378937893788,0.9870034779425224,0.9706570657065706,0.9787620257760028,0.9789378937893788,0.9580071817442064,72.1745433807373,svm,,,
semidroid,drebin_215,5497.0,58.0,115.0,5440.0,0.9844284428442844,0.9894507093488542,0.9792979297929792,0.98434814077626,0.9844284428442844,0.968907894536598,72.1745433807373,rf,,,
semidroid,drebin_215,5419.0,136.0,158.0,5397.0,0.9735373537353736,0.9754202060365084,0.9715571557155716,0.9734848484848484,0.9735373537353736,0.9470821348668736,72.1745433807373,knn,,,
semidroid,kronodroid_real_device,35822.0,933.0,1535.0,35220.0,0.96642633655285,0.9741930130279643,0.9582369745612842,0.966149119438196,0.96642633655285,0.9329778230274782,688.5439350605011,svm,,,
semidroid,kronodroid_real_device,35989.0,766.0,1079.0,35676.0,0.974901373962726,0.978980297458976,0.970643449870766,0.9747940489364318,0.974901373962726,0.9498371894897928,688.5439350605011,rf,,,
semidroid,kronodroid_real_device,35715.0,1040.0,1552.0,35203.0,0.9647394912256836,0.9713048036862292,0.9577744524554482,0.9644921778678868,0.9647394912256836,0.9295691769101266,688.5439350605011,knn,,,
semidroid,mh_100k,11566.0,1155.0,0.0,12721.0,0.95460262557975,0.9167627558374172,1.0,0.956574049704854,0.95460262557975,0.912976183520049,501.2287611961365,svm,,,
semidroid,mh_100k,11600.0,1121.0,128.0,12593.0,0.950907947488405,0.9182587137232026,0.9899378979639966,0.9527520332892,0.950907947488405,0.9045760544625624,501.2287611961365,rf,,,
semidroid,mh_100k,11596.0,1125.0,469.0,12252.0,0.9373476927914473,0.9159004261045076,0.963131829258706,0.938922522798682,0.9373476927914473,0.8758607432987633,501.2287611961365,knn,,,
sigapi,adroit,3155.0,263.0,680.0,2738.0,0.8620538326506729,0.9123625458180606,0.8010532475131656,0.8530923819909644,0.8620538326506729,0.7295574915350147,7.566925764083862,svm,,,
sigapi,adroit,3083.0,335.0,581.0,2837.0,0.8660035108250439,0.8943883984867591,0.8300175541252194,0.8610015174506829,0.8660035108250437,0.7339103012274364,7.566925764083862,rf,,,
sigapi,adroit,3386.0,32.0,3311.0,107.0,0.5109713282621416,0.7697841726618705,0.0313048566413107,0.0601630587573798,0.5109713282621416,0.077734482877124,7.566925764083862,knn,,,
sigapi,androcrawl,9572.0,598.0,1468.0,8702.0,0.8984267453294001,0.9356989247311828,0.855653883972468,0.8938880328710838,0.8984267453294003,0.7997853070185376,10.866608142852783,svm,,,
sigapi,androcrawl,9573.0,597.0,1468.0,8702.0,0.8984759095378564,0.9357995483385312,0.855653883972468,0.8939339462735632,0.8984759095378564,0.7998907790766903,10.866608142852783,rf,,,
sigapi,androcrawl,10164.0,6.0,4710.0,5460.0,0.768141592920354,0.9989023051591658,0.5368731563421829,0.6983883346124329,0.768141592920354,0.6048761089779698,10.866608142852783,knn,,,
sigapi,android_permissions,5894.0,3183.0,3881.0,5196.0,0.6108846535198854,0.6201217329036878,0.572435826815027,0.5953253895508708,0.6108846535198855,0.2224279179588149,20.70870566368103,svm,,,
sigapi,android_permissions,5818.0,3259.0,3794.0,5283.0,0.6114905805883001,0.6184734254273004,0.5820204913517683,0.5996935126851695,0.6114905805883002,0.2233694853371582,20.70870566368103,rf,,,
sigapi,android_permissions,592.0,8485.0,342.0,8735.0,0.5137710697366972,0.5072590011614402,0.9623223532003966,0.6643343347149865,0.5137710697366972,0.062337588386338,20.70870566368103,knn,,,
sigapi,defensedroid_apicalls_closeness,4871.0,351.0,749.0,4473.0,0.8946763692072003,0.9272388059701492,0.8565683646112601,0.8905036830579335,0.8946763692072003,0.7916554029012173,42.78979706764221,svm,,,
sigapi,defensedroid_apicalls_closeness,4967.0,255.0,437.0,4785.0,0.9337418613558024,0.949404761904762,0.9163155878973572,0.9325667511206392,0.9337418613558024,0.8680110694368502,42.78979706764221,rf,,,
sigapi,defensedroid_apicalls_closeness,4860.0,362.0,573.0,4649.0,0.9104749138261202,0.9277589303532228,0.890271926464956,0.9086289455682596,0.9104749138261204,0.8216208082777487,42.78979706764221,knn,,,
sigapi,defensedroid_apicalls_degree,4778.0,444.0,678.0,4544.0,0.8925698965913443,0.9109863672814756,0.8701646878590579,0.8901077375122429,0.8925698965913443,0.7859292522459906,52.67796492576599,svm,,,
sigapi,defensedroid_apicalls_degree,4958.0,264.0,444.0,4778.0,0.9322098812715436,0.9476398254660848,0.9149751053236308,0.931021044427124,0.9322098812715436,0.8649337507836596,52.67796492576599,rf,,,
sigapi,defensedroid_apicalls_degree,4788.0,434.0,622.0,4600.0,0.8988893144389123,0.9137862534763608,0.8808885484488702,0.8970358814352574,0.8988893144389123,0.7982961365434226,52.67796492576599,knn,,,
sigapi,defensedroid_apicalls_katz,4912.0,310.0,642.0,4580.0,0.9088471849865952,0.9366053169734152,0.8770585982382229,0.9058544303797468,0.9088471849865952,0.8193519804080035,39.9743058681488,svm,,,
sigapi,defensedroid_apicalls_katz,4946.0,276.0,455.0,4767.0,0.9300076599004212,0.9452706722189174,0.9128686327077749,0.9287871407696054,0.9300076599004212,0.860521018041011,39.9743058681488,rf,,,
sigapi,defensedroid_apicalls_katz,4800.0,422.0,538.0,4684.0,0.9080811949444656,0.9173521347434392,0.8969743393335886,0.9070487993803252,0.9080811949444656,0.8163638316867218,39.9743058681488,knn,,,
sigapi,defensedroid_prs,5649.0,326.0,716.0,5259.0,0.9128033472803349,0.9416293643688451,0.8801673640167365,0.9098615916955016,0.9128033472803349,0.82737105386866,39.48472189903259,svm,,,
sigapi,defensedroid_prs,5672.0,303.0,682.0,5293.0,0.917573221757322,0.9458541815582558,0.885857740585774,0.9148733903724828,0.917573221757322,0.8368316308927414,39.48472189903259,rf,,,
sigapi,defensedroid_prs,5428.0,547.0,725.0,5250.0,0.8935564853556486,0.9056408487148524,0.8786610878661087,0.891946992864424,0.8935564853556486,0.7874624813912592,39.48472189903259,knn,,,
sigapi,drebin_215,5305.0,250.0,409.0,5146.0,0.9406840684068408,0.9536693847294292,0.9263726372637264,0.9398228472285636,0.9406840684068408,0.8817293972692813,16.177878379821777,svm,,,
sigapi,drebin_215,5335.0,220.0,362.0,5193.0,0.9476147614761476,0.9593571032699058,0.9348334833483348,0.9469365426695844,0.9476147614761476,0.895522157682045,16.177878379821777,rf,,,
sigapi,drebin_215,5266.0,289.0,387.0,5168.0,0.9391539153915393,0.9470404984423676,0.9303330333033304,0.9386124228114784,0.9391539153915393,0.8784445413779846,16.177878379821777,knn,,,
sigapi,kronodroid_real_device,34953.0,1802.0,1610.0,35145.0,0.9535845463202284,0.951227433891791,0.9561964358590668,0.95370546253833,0.9535845463202286,0.9071814702489364,171.74248814582825,svm,,,
sigapi,kronodroid_real_device,35287.0,1468.0,1612.0,35143.0,0.958100938647803,0.9599027614651334,0.9561420214936744,0.9580187007605704,0.958100938647803,0.916208908962861,171.74248814582825,rf,,,
sigapi,kronodroid_real_device,34830.0,1925.0,1656.0,35099.0,0.9512855393823968,0.948006698357822,0.9549449054550402,0.9514631534718552,0.9512855393823968,0.9025952523224424,171.74248814582825,knn,,,
sigapi,mh_100k,11588.0,1133.0,0.0,12721.0,0.955467337473469,0.9182185650353688,1.0,0.9573659454374412,0.955467337473469,0.91456936864884,115.8836452960968,svm,,,
sigapi,mh_100k,11588.0,1133.0,3.0,12718.0,0.9553494222152348,0.9182008519240488,0.9997641694835312,0.957248231220834,0.9553494222152346,0.9143132648943963,115.8836452960968,rf,,,
sigapi,mh_100k,12670.0,51.0,12141.0,580.0,0.5207923905353353,0.919175911251981,0.0455938998506406,0.0868783702816057,0.5207923905353353,0.1336961367088956,115.8836452960968,knn,,,
sigpid,adroit,3113.0,305.0,678.0,2740.0,0.8562024575775308,0.8998357963875205,0.8016383850204798,0.8479034504100263,0.8562024575775307,0.7166851814266175,9.034054040908812,svm,,,
sigpid,adroit,3089.0,329.0,666.0,2752.0,0.8544470450555881,0.893216488153197,0.8051492100643651,0.846899523003539,0.854447045055588,0.7123650341187384,9.034054040908812,rf,,,
sigpid,adroit,2876.0,542.0,1714.0,1704.0,0.6699824458747806,0.7586821015138023,0.4985371562317144,0.6016949152542372,0.6699824458747805,0.3619052717082369,9.034054040908812,knn,,,
sigpid,androcrawl,9734.0,436.0,1229.0,8941.0,0.918141592920354,0.9535032526394368,0.8791543756145526,0.9148206885967156,0.918141592920354,0.8388371439241902,25.320682048797607,svm,,,
sigpid,androcrawl,9593.0,577.0,1136.0,9034.0,0.9157817109144544,0.939964623868484,0.8882989183874139,0.9134017491532278,0.9157817109144544,0.8328224415420913,25.320682048797607,rf,,,
sigpid,androcrawl,9437.0,733.0,1570.0,8600.0,0.8867748279252704,0.9214614807671704,0.8456243854473943,0.8819156027277855,0.8867748279252705,0.7761828345904583,25.320682048797607,knn,,,
sigpid,android_permissions,4696.0,4381.0,3145.0,5932.0,0.5854357166464691,0.5751963541161641,0.6535198854246997,0.6118617844249613,0.5854357166464691,0.172477942181777,188.71557307243347,svm,,,
sigpid,android_permissions,4480.0,4597.0,3026.0,6051.0,0.5800925415886306,0.5682757325319309,0.6666299438140355,0.6135361216730038,0.5800925415886307,0.1626395279983517,188.71557307243347,rf,,,
sigpid,android_permissions,4114.0,4963.0,3067.0,6010.0,0.5576732400572877,0.5477080105714025,0.6621130329403988,0.599501246882793,0.5576732400572877,0.1179482573545159,188.71557307243347,knn,,,
sigpid,defensedroid_apicalls_closeness,4988.0,234.0,630.0,4592.0,0.9172730754500192,0.951512639867385,0.8793565683646113,0.9140127388535032,0.9172730754500192,0.8369561398990119,568.8186118602753,svm,,,
sigpid,defensedroid_apicalls_closeness,4972.0,250.0,428.0,4794.0,0.9350823439295288,0.950436161776368,0.9180390654921486,0.93395675043834,0.9350823439295288,0.8706706480919296,568.8186118602753,rf,,,
sigpid,defensedroid_apicalls_closeness,4811.0,411.0,532.0,4690.0,0.9097089237839908,0.9194275632228974,0.8981233243967829,0.9086505860699408,0.9097089237839908,0.8196379107320844,568.8186118602753,knn,,,
sigpid,defensedroid_apicalls_degree,4837.0,385.0,663.0,4559.0,0.8996553044810417,0.9221278317152104,0.8730371505170432,0.8969112728703521,0.8996553044810419,0.8004456871198895,444.5806648731232,svm,,,
sigpid,defensedroid_apicalls_degree,4960.0,262.0,428.0,4794.0,0.9339333588663348,0.9481803797468354,0.9180390654921486,0.9328663164039696,0.9339333588663348,0.868305546184074,444.5806648731232,rf,,,
sigpid,defensedroid_apicalls_degree,4716.0,506.0,613.0,4609.0,0.8928571428571429,0.9010752688172043,0.8826120260436614,0.8917480893876366,0.8928571428571429,0.7858792786136567,444.5806648731232,knn,,,
sigpid,defensedroid_apicalls_katz,4974.0,248.0,591.0,4631.0,0.9196667943316736,0.949169911867186,0.8868249712753734,0.9169389169389168,0.9196667943316736,0.8411500542314956,433.9542133808136,svm,,,
sigpid,defensedroid_apicalls_katz,4966.0,256.0,440.0,4782.0,0.9333588663347376,0.9491861849940452,0.9157410953657602,0.9321637426900584,0.9333588663347376,0.8672562680297791,433.9542133808136,rf,,,
sigpid,defensedroid_apicalls_katz,4700.0,522.0,492.0,4730.0,0.902910762160092,0.9006092916984006,0.9057832248180774,0.90318884857743,0.902910762160092,0.8058348223833879,433.9542133808136,knn,,,
sigpid,defensedroid_prs,5639.0,336.0,853.0,5122.0,0.9005020920502093,0.9384389886405275,0.8572384937238494,0.8960027989154202,0.9005020920502091,0.8040196687499461,151.888197183609,svm,,,
sigpid,defensedroid_prs,5653.0,322.0,778.0,5197.0,0.9079497907949792,0.9416560971190432,0.8697907949790795,0.90429789455368,0.9079497907949792,0.8182860890948078,151.888197183609,rf,,,
sigpid,defensedroid_prs,5558.0,417.0,930.0,5045.0,0.8872803347280335,0.9236543390699378,0.8443514644351464,0.882224359534843,0.8872803347280335,0.7774314075657667,151.888197183609,knn,,,
sigpid,drebin_215,5194.0,361.0,669.0,4886.0,0.9072907290729072,0.931198780255384,0.8795679567956796,0.9046472875393444,0.9072907290729074,0.8158364490509556,33.320608615875244,svm,,,
sigpid,drebin_215,5276.0,279.0,586.0,4969.0,0.9221422142214222,0.9468368902439024,0.8945094509450945,0.9199296491715264,0.922142214221422,0.8455767293397578,33.320608615875244,rf,,,
sigpid,drebin_215,5039.0,516.0,558.0,4997.0,0.9033303330333032,0.9064030473426448,0.8995499549954995,0.90296349837369,0.9033303330333032,0.8066837234467381,33.320608615875244,knn,,,
sigpid,kronodroid_real_device,34188.0,2567.0,2556.0,34199.0,0.9303088015236022,0.9301800576619704,0.9304584410284316,0.9303192285197428,0.9303088015236024,0.8606176415890738,3806.7308394908905,svm,,,
sigpid,kronodroid_real_device,34473.0,2282.0,2440.0,34315.0,0.9357638416541968,0.9376451621717627,0.9336144742211944,0.9356254771512704,0.9357638416541966,0.8715357359529506,3806.7308394908905,rf,,,
sigpid,kronodroid_real_device,33778.0,2977.0,2546.0,34209.0,0.9248673649843558,0.9199429892970472,0.930730512855394,0.9253053109911956,0.9248673649843558,0.8497931578113316,3806.7308394908905,knn,,,
sigpid,mh_100k,11569.0,1152.0,0.0,12721.0,0.9547205408379844,0.9169610033878758,1.0,0.9566819583364669,0.9547205408379844,0.913193301977052,1515.731794834137,svm,,,
sigpid,mh_100k,11589.0,1132.0,31.0,12690.0,0.9542881848911248,0.9181015771957748,0.9975630846631556,0.956184304713107,0.954288184891125,0.9119986212913422,1515.731794834137,rf,,,
sigpid,mh_100k,12442.0,279.0,9472.0,3249.0,0.6167361056520714,0.9209183673469388,0.255404449335744,0.3999015324019939,0.6167361056520715,0.3377779786437514,1515.731794834137,knn,,,
metadados,random,,,,,,,,,,,,,defensedroid_apicalls_closeness.csv,5222.0,5222.0
metadados,random,,,,,,,,,,,,,kronodroid_real_device.csv,36755.0,36755.0
metadados,random,,,,,,,,,,,,,adroit.csv,3418.0,3418.0
metadados,random,,,,,,,,,,,,,defensedroid_apicalls_katz.csv,5222.0,5222.0
metadados,random,,,,,,,,,,,,,android_permissions.csv,9077.0,9077.0
metadados,random,,,,,,,,,,,,,defensedroid_prs.csv,5975.0,5975.0
metadados,random,,,,,,,,,,,,,defensedroid_apicalls_degree.csv,5222.0,5222.0
metadados,random,,,,,,,,,,,,,androcrawl.csv,10170.0,10170.0
metadados,random,,,,,,,,,,,,,drebin_215.csv,5555.0,5555.0
metadados,random,,,,,,,,,,,,,mh_100k.csv,12721.0,12721.0
